"last_name, first_name","player_id","year","pa","home_run","k_percent","bb_percent","slg_percent","on_base_percent","on_base_plus_slg","isolated_power","babip","xba","xslg","xwoba","xiso","avg_swing_speed","fast_swing_rate","avg_swing_length","sweet_spot_percent","barrel_batted_rate","hard_hit_percent","avg_best_speed","avg_hyper_speed","whiff_percent","swing_percent","pull_percent","straightaway_percent","opposite_percent","groundballs_percent","flyballs_percent","linedrives_percent"
"Blackmon, Charlie","453568","2024","372","8",16.9,8.3,".402",".328","0.730","0.146",".294",".246",".361",".301",".115",67.1,2.5,"7.1",32.6,5.5,26.4,"95.528256148","91.861782704",18.7,48.6,44,35.2,20.9,38.8,25.3,23.8
"McCutchen, Andrew","457705","2024","437","16",26.1,11.7,".405",".336","0.741","0.170",".293",".237",".443",".340",".205",72.8,27.1,"7.6",33.2,12.1,37.7,"99.744797368","94.015092642",29.1,41.8,38.1,41.9,20,41.9,27.2,21.9
"Turner, Justin","457759","2024","395","7",18.5,10.6,".365",".347","0.712","0.115",".297",".248",".373",".324",".125",65.2,0.5,"6.4",38.1,4.1,32.2,"96.514350667","92.314967481",17.1,45.2,40.4,34.8,24.8,34.8,29.3,28.5
"Santana, Carlos","467793","2024","446","17",17.3,10.3,".429",".330","0.759","0.187",".260",".245",".419",".327",".174",71.4,17,"7.5",31.5,7.3,39.1,"99.299450755","93.901408991",23.5,42.9,48.9,32.8,18.3,37.9,29.3,22.7
"Pham, Tommy","502054","2024","350","7",20.6,8.6,".396",".331","0.727","0.132",".322",".282",".433",".341",".151",72.4,19.5,"6.9",35,6.9,41.1,"100.606692033","94.632794286",22,40.7,35.4,37,27.6,43.1,20.7,30.5
"Martinez, J.D.","502110","2024","383","12",27.9,10.4,".437",".346","0.783","0.178",".344",".268",".491",".364",".223",72.7,27.3,"8.4",40.5,14.5,45.4,"101.247018673","95.07939354",31.6,49,33.9,38.8,27.3,38.8,31.3,24.2
"Goldschmidt, Paul","502671","2024","506","19",27.3,7.5,".395",".292","0.687","0.164",".288",".248",".447",".325",".199",72.4,24,"7.8",33.5,9.8,48.5,"101.600602346","95.491242012",27.4,47,38.8,35.7,25.5,42.8,27.7,23.1
"Altuve, Jose","514888","2024","526","15",18.1,6.5,".434",".348","0.782","0.137",".344",".267",".411",".318",".144",69.1,11.3,"7.8",36.4,6.6,30.8,"97.241320417","92.643852063",21.7,52,52.2,32.8,15,41.7,25.4,27
"Marte, Starling","516782","2024","266","7",21.1,6.4,".416",".328","0.744","0.138",".333",".300",".457",".349",".157",72.8,28.5,"7.3",39.3,7.3,45.5,"101.584609355","95.235426828",27.5,50,38.7,38.7,22.5,49.7,16.8,31.4
"d'Arnaud, Travis","518595","2024","259","13",23.2,6.6,".479",".309","0.788","0.227",".279",".258",".482",".347",".224",71.1,20.2,"7.8",35.4,11.2,41.6,"100.6666325","94.818426818",31.1,51.5,36,29.8,34.3,44.4,28.7,22.5
"Freeman, Freddie","518692","2024","504","17",15.1,12.5,".489",".391","0.880","0.197",".317",".290",".493",".382",".203",69.8,9.9,"6.8",43.7,9.9,40.8,"100.366399101","94.516333155",20.5,49.2,36.9,35.8,27.3,39.2,29.6,28.7
"Rizzo, Anthony","519203","2024","291","8",16.5,6.5,".341",".289","0.630","0.118",".243",".234",".342",".289",".109",68.3,7.4,"6.8",29.4,4.1,33,"97.683897615","92.84603367",18.8,49.9,42.2,28.4,29.4,42.2,21.1,23.4
"Stanton, Giancarlo","519317","2024","329","20",30.1,7.3,".482",".298","0.780","0.241",".286",".254",".520",".352",".266",81,98.4,"8.5",33.7,18.5,52.7,"107.995453529","98.941045074",33.4,46.8,39,38.5,22.4,39.5,23.9,24.4
"Perez, Salvador","521692","2024","486","22",20,6.8,".475",".337","0.812","0.197",".310",".281",".543",".369",".262",73.3,34.2,"7.9",41.4,12.6,44.3,"101.940985838","95.390192",27.2,57.9,48.9,28.7,22.4,32.2,33.9,26.1
"Ozuna, Marcell","542303","2024","519","35",25,10,".580",".374","0.954","0.278",".348",".294",".615",".416",".321",74.1,44,"7.4",41,17.4,54.7,"103.589040482","96.703857078",31.4,47,46.1,33.8,20.1,37.1,33.5,25.7
"Semien, Marcus","543760","2024","545","18",13.9,9.2,".404",".312","0.716","0.163",".253",".264",".412",".325",".148",68.2,3.6,"7.7",33.3,6.2,34.7,"97.793246827","93.003083759",19.7,49.6,47.1,32.8,20.1,39.7,29.7,23.7
"Springer III, George","543807","2024","469","14",19.2,10.2,".368",".301","0.669","0.149",".245",".256",".418",".330",".163",71.8,22.3,"7.4",30.5,8.5,38.3,"100.229837117","94.233137538",25.3,49.9,37.2,40.5,22.3,50,21.6,22.6
"Vargas, Ildemaro","545121","2024","256","1",10.2,6.6,".332",".306","0.638","0.079",".277",".238",".310",".270",".072",69.5,8.1,"7.2",28,1.4,31.3,"97.125276436","92.620438308",11.7,45.6,44.5,33.2,22.3,56.4,17.1,22.7
"Harper, Bryce","547180","2024","472","26",21.2,12.9,".538",".373","0.911","0.257",".312",".272",".501",".367",".230",74.3,43.4,"7.3",36.3,10.6,47.6,"102.672817935","95.713034304",27.7,51.3,34.4,34.4,31.2,36.7,33.1,26.4
"Díaz, Elias","553869","2024","327","5",19.6,5.2,".378",".315","0.693","0.108",".325",".236",".330",".270",".094",73.6,39.3,"7",30.6,4.1,32.2,"98.406201083","93.210410167",27.7,54.6,33.1,43.8,23.1,50.8,17.8,25.2
"Suárez, Eugenio","553993","2024","475","18",27.6,8.4,".428",".309","0.737","0.194",".289",".239",".421",".321",".182",71.9,19.5,"7.8",40.7,9.8,40,"99.871873197","94.006428639",29.5,46.7,49.2,29.2,21.7,32.2,31.2,27.5
"Urshela, Gio","570482","2024","325","5",15.1,5.8,".333",".286","0.619","0.090",".271",".267",".388",".305",".121",68.1,3.2,"7.1",37.5,4.3,28,"96.743526378","92.424362688",18.9,52.9,30.1,39.1,30.9,50,19.1,28.1
"Arenado, Nolan","571448","2024","480","12",13.8,7.1,".390",".324","0.714","0.122",".289",".253",".359",".298",".106",70.8,14.6,"8.3",36,3.2,29.9,"96.682072353","92.344270428",17.7,46.2,45.3,36,18.7,38.9,24.5,26.9
"Haniger, Mitch","571745","2024","369","11",29,9.8,".342",".287","0.629","0.136",".268",".226",".388",".305",".162",72.7,24.9,"7.1",32.6,9.4,47.3,"101.204720982","95.225216457",31.6,43.4,43.3,36.2,20.5,42.4,29,22.8
"Hernández, Enrique","571771","2024","311","7",20.6,8,".336",".277","0.613","0.120",".251",".221",".343",".278",".122",71.7,20.9,"7.3",36.5,4.5,41,"99.290632455","93.865643727",22.6,47.4,35.1,39.6,25.2,36,29.7,25.2
"Singleton, Jon","572138","2024","324","10",27.5,11.1,".367",".321","0.688","0.129",".307",".227",".362",".300",".135",71.9,21.8,"7.1",35.2,7.5,38.7,"100.015916768","94.116017778",29,40.1,40.7,35.7,23.6,42.2,27.1,26.1
"Taylor, Michael A.","572191","2024","259","4",32.8,8.1,".304",".271","0.575","0.095",".303",".224",".358",".289",".134",73.8,38.2,"7.1",33.3,11.8,41.2,"100.705719583","94.695825524",38.5,49.7,37.9,47.7,14.4,44.4,26.8,24.2
"Walker, Christian","572233","2024","461","23",24.7,10.4,".476",".338","0.814","0.222",".293",".249",".482",".361",".232",75.1,55,"7.5",36.2,14.7,46.4,"103.046162177","95.914936826",25.8,47.9,43,34.5,22.5,35.8,33.4,22.2
"Yastrzemski, Mike","573262","2024","340","9",27.1,7.6,".425",".310","0.735","0.181",".317",".221",".381",".293",".160",71,5.8,"7.6",31.7,9.2,41.5,"99.743485701","94.320192207",26.5,42.9,50,31.2,18.8,38.1,30.7,21.6
"Contreras, Willson","575929","2024","328","15",27.4,12.5,".478",".372","0.850","0.219",".329",".251",".455",".358",".204",76,62.8,"7.9",30.3,11.7,46.8,"103.904836915","96.190578191",35.1,50.1,35.1,34.6,30.3,43.6,25.5,21.3
"Canha, Mark","592192","2024","412","7",21.1,10.9,".349",".340","0.689","0.112",".291",".214",".310",".289",".096",68.1,3.1,"7.2",32.1,3.4,37.3,"98.121885672","93.208730933",22.5,41.7,42.9,35.4,21.6,49.3,21.6,22.4
"Castellanos, Nick","592206","2024","505","16",20.6,6.1,".417",".303","0.720","0.170",".285",".262",".434",".324",".172",71.7,22.2,"7.6",35.5,8,38.3,"99.328683315","93.782539807",29.8,58.9,37.7,36.9,25.3,38.8,30.6,25.6
"Judge, Aaron","592450","2024","542","44",24.4,18.8,".709",".466","1.175","0.376",".387",".311",".741",".482",".430",77,73.6,"8.2",41.7,27.3,60,"107.2689518","99.0005368",31.5,41.7,39,35.3,25.7,31.7,38.7,26.7
"Machado, Manny","592518","2024","479","18",19.6,6.9,".437",".315","0.752","0.172",".297",".270",".441",".328",".171",75.1,51.3,"7.8",33.6,10,47.9,"102.977446264","95.897681839",23.5,51.4,35.3,42.2,22.5,43,21.1,27.6
"Pederson, Joc","592626","2024","346","19",23.7,12.1,".545",".395","0.940","0.258",".335",".282",".516",".391",".234",73.4,38.6,"7.7",37.5,13.9,47.6,"102.924983922","96.128253498",24.8,44.5,46.6,38,15.4,37.5,28.8,25.5
"Realmuto, J.T.","592663","2024","303","8",23.8,6.9,".386",".314","0.700","0.133",".313",".267",".438",".330",".171",73.3,38.2,"7.6",34.5,8.7,45.1,"100.754537379","94.609932049",25.5,50,40.3,34.5,25.2,46.1,20.4,27.2
"Renfroe, Hunter","592669","2024","347","11",18.2,8.9,".387",".300","0.687","0.160",".250",".221",".360",".290",".139",75.2,52.9,"7.6",27.1,6,38.6,"100.119967381","94.139255936",23.3,44.4,47.4,36.3,16.3,39.8,27.1,20.7
"Rosario, Eddie","592696","2024","319","10",24.1,5,".316",".215","0.531","0.141",".196",".212",".345",".259",".133",70.2,7.3,"7.2",27.9,5.3,42.5,"99.203116161","94.098201031",27.4,52.9,43.4,30.5,26.1,40.3,32.3,23.5
"Yelich, Christian","592885","2024","315","11",18.4,12.7,".504",".406","0.910","0.189",".366",".298",".481",".376",".183",73.1,34.2,"7.5",32.2,7.9,46.7,"103.017733429","96.008981238",22.9,45.7,39.3,34.6,26.2,54.2,19.2,23.4
"Bogaerts, Xander","593428","2024","312","6",17.6,5.4,".373",".308","0.681","0.106",".309",".273",".395",".314",".122",70.5,13.5,"7.2",36,5.4,33.1,"97.901687563","92.973421429",19.7,43.5,43.5,39.3,17.2,46,22.6,25.1
"Polanco, Jorge","593871","2024","331","12",30.5,10.3,".362",".302","0.664","0.147",".282",".228",".421",".319",".194",69.7,7.7,"7.2",36.3,10.4,37.3,"99.603335263","93.934205526",29.4,44,44.6,37.3,18.1,34.7,34.2,25.9
"Duvall, Adam","594807","2024","318","10",30.8,6.3,".314",".239","0.553","0.137",".226",".202",".396",".285",".194",72.3,22.5,"7.6",28.1,10.7,37.2,"99.974280306","94.014985612",28.1,49.1,49,32.7,18.4,30.1,35.2,18.9
"Profar, Jurickson","595777","2024","503","19",14.3,11.1,".479",".393","0.872","0.185",".316",".289",".463",".372",".174",71.7,23.1,"7.4",31.9,8.1,42.5,"100.750089096","94.678727514",16.8,45,40.3,34.4,25.3,43.9,24.7,24.7
"Báez, Javier","595879","2024","278","6",22.7,4.3,".303",".227","0.530","0.115",".221",".232",".362",".274",".131",74.9,49.9,"8.6",27.9,8,40,"100.6104612","94.3786718",29.5,52.7,41.8,39.3,18.9,47.3,24.9,20.9
"Cave, Jake","595909","2024","265","6",27.2,6,".401",".298","0.699","0.146",".333",".245",".372",".286",".128",69.6,6.9,"7",36.2,5.1,39.5,"98.516493678","93.572357241",27,52.9,28.2,40.7,31.1,48,22.6,28.8
"Lindor, Francisco","596019","2024","558","23",18.1,8.1,".465",".335","0.800","0.202",".286",".279",".514",".371",".235",72.3,23.2,"7.5",34.7,12.5,47.1,"100.9226773","95.022374762",22.9,48.4,41.9,37.4,20.7,35.4,30.7,26.2
"Kepler, Max","596146","2024","362","8",20.4,5.8,".404",".316","0.720","0.139",".316",".249",".395",".308",".146",71.4,20,"7.4",35.6,6.5,38.3,"99.764120853","94.012555194",23.8,52.6,39.8,32.6,27.6,34.1,33,25.3
"Candelario, Jeimer","600869","2024","451","19",24.4,6,".425",".277","0.702","0.201",".255",".224",".376",".285",".152",68.4,5,"7.8",33.7,8.1,34.6,"97.90486974","92.977808506",29,51.9,46.6,30.7,22.7,41.7,30.4,22.3
"Bell, Josh","605137","2024","504","18",19.4,7.7,".418",".307","0.725","0.176",".269",".240",".409",".310",".169",70.5,15.7,"7.9",31.7,8.1,39.7,"100.034957151","94.13444",27,50.4,39.4,31.9,28.6,46.9,25.6,21.1
"Betts, Mookie","605141","2024","351","12",11.7,13.4,".505",".405","0.910","0.195",".328",".293",".465",".374",".172",69.2,10.4,"6.9",40.1,6.1,40.1,"98.971665496","93.827748206",14.3,38,33.2,40.5,26.3,27.1,34.7,31.3
"Arcia, Orlando","606115","2024","447","11",20.8,6,".353",".274","0.627","0.127",".262",".214",".339",".265",".125",70.7,13.6,"7.9",30.2,5.2,38.5,"98.565006211","93.410880124",25.8,48.9,46.2,33.2,20.6,50.5,22.2,20.3
"Hernández, Teoscar","606192","2024","515","26",27.8,7.8,".494",".331","0.825","0.227",".330",".252",".488",".343",".236",73.1,31.4,"7.7",33.1,14.4,47.2,"102.817964356","95.767583405",33.5,51.6,33.1,38.3,28.5,46.6,27,21.8
"Marte, Ketel","606466","2024","496","30",17.9,10.3,".561",".369","0.930","0.263",".307",".299",".541",".389",".242",73.6,39.2,"7.6",33.7,11.6,53.5,"103.683452443","96.745016952",22,48.9,45.6,36.5,17.8,49.6,23.5,22.1
"Nimmo, Brandon","607043","2024","508","17",25.2,12.8,".405",".343","0.748","0.177",".282",".243",".422",".343",".179",72.9,33,"7.3",35.2,10.2,47,"101.367563553","95.232647129",24.1,44.1,32.6,37.5,29.9,42.1,27,25.3
"Turner, Trea","607208","2024","366","13",18.9,4.9,".475",".352","0.827","0.166",".356",".260",".419",".315",".159",71.9,19.9,"7.6",29.6,6.9,39.4,"99.493269854","93.951068242",25.3,52.5,46,32.5,21.5,47.4,27.7,19
"Ramírez, José","608070","2024","514","32",12.5,7.6,".547",".335","0.882","0.266",".265",".262",".466",".334",".204",71.4,18.8,"7.3",34.6,9.3,41.2,"100.001003024","94.245070366",15.8,49.4,50.7,30.7,18.5,34.6,31.5,22.4
"Bregman, Alex","608324","2024","509","19",13,7.1,".445",".318","0.763","0.184",".268",".258",".419",".320",".161",71.1,11,"7",33,6,41.2,"98.924129109","93.650598859",12.8,44.9,38.7,35.2,26.1,38,27.3,23.1
"Seager, Corey","608369","2024","472","26",17.4,10.8,".495",".354","0.849","0.223",".281",".295",".575",".399",".280",72.3,20.8,"6.6",37.2,15.8,51.8,"103.398770958","96.282993683",23.3,52.3,40.5,36.9,22.6,41.1,31.5,24.1
"Winker, Jesse","608385","2024","423","11",21.7,13,".409",".368","0.777","0.148",".320",".244",".381",".327",".136",69.4,6.6,"7.3",29.4,7.4,37.5,"98.89833812","93.607087472",20.6,42.7,35.3,34.9,29.7,48.7,21.2,22.7
"Refsnyder, Rob","608701","2024","251","7",24.7,10.4,".472",".384","0.856","0.174",".387",".267",".431",".343",".164",72.9,29.3,"7.5",35,10.2,45.2,"102.112699744","95.353078846",28,45.9,38.9,36.9,24.2,45.9,21,27.4
"Meneses, Joey","608841","2024","313","3",20.1,6.7,".302",".291","0.593","0.071",".281",".224",".331",".276",".108",70.3,11.3,"7",30.8,4.5,39.3,"99.265454911","93.867431839",22.9,50.8,41.1,38.4,20.5,49.6,23.7,22.3
"Andujar, Miguel","609280","2024","286","4",13.3,4.5,".387",".325","0.712","0.101",".320",".262",".345",".286",".083",71.6,22.4,"7.6",25.9,3,33.6,"98.036031466","93.018471207",15.6,49.9,38.8,35.3,25.9,51.7,15.9,22.4
"Swanson, Dansby","621020","2024","434","9",25.1,8.8,".350",".297","0.647","0.122",".290",".248",".419",".321",".171",71.6,12.5,"7.4",34,8.4,42.1,"100.114747832","94.393172842",28.5,49.3,44.9,35.1,20,49.5,21.8,23.5
"Newman, Kevin","621028","2024","260","2",14.6,5,".383",".314","0.697","0.104",".322",".260",".328",".274",".069",67.6,2.6,"6.7",23.4,1.4,24.4,"95.603228824","91.801916912",16.5,49.6,34.9,36.8,28.2,49.8,19.6,22.5
"Correa, Carlos","621043","2024","317","13",16.7,9.5,".520",".377","0.897","0.212",".336",".284",".474",".362",".190",74.7,48,"7.2",34.3,9.6,46.1,"102.955410435","95.754906739",19.3,44.3,33.5,35.7,30.9,43.9,23.5,26.5
"Taylor, Tyrone","621438","2024","264","6",22,4.9,".400",".289","0.689","0.159",".291",".258",".409",".311",".151",70.5,6.6,"7.6",33.3,8.5,35.4,"99.332393763","93.762868486",21.9,50.1,49.2,28.6,22.2,38.6,23.8,26.5
"Buxton, Byron","621439","2024","335","16",26.6,5.4,".528",".334","0.862","0.253",".337",".263",".514",".356",".251",74.5,43.4,"8.1",37.2,14.2,48.2,"102.55575055","95.918336101",32.3,54.1,47.7,34.4,17.9,29.8,33,25.2
"Ward, Taylor","621493","2024","489","16",25.2,9.6,".399",".313","0.712","0.162",".288",".256",".469",".351",".214",69.4,5.9,"7",43.5,12.7,43.6,"100.111943503","94.521975732",25.5,42.8,31.7,35.9,32.4,32.7,35.9,28.6
"Olson, Matt","621566","2024","514","21",27.4,9.3,".427",".313","0.740","0.196",".284",".239",".433",".329",".194",73.8,39.5,"7.4",35,11.7,46.7,"102.851672548","95.959310955",27.4,49.5,43.5,30,26.5,37.2,28.4,26.5
"Margot, Manuel","622534","2024","281","4",15.7,6.4,".342",".295","0.637","0.101",".274",".267",".398",".318",".131",72.1,21.6,"7.3",31,5.6,34.7,"99.173032358","93.670244597",21.2,49.5,27.3,46.8,25.9,41.7,24.5,24.1
"Santander, Anthony","623993","2024","506","36",19.4,7.9,".532",".310","0.842","0.290",".228",".239",".479",".338",".240",73.1,34,"7.3",36.8,11.9,42.4,"100.500846167","94.456498972",19.9,50.1,43.2,33.8,23,27.7,34.3,22.7
"Alonso, Pete","624413","2024","528","26",23.1,9.8,".468",".328","0.796","0.226",".272",".251",".468",".344",".217",75.1,51.8,"7.3",32.1,12.1,43.6,"102.203510751","95.30697229",23.9,43.2,42.8,31.8,25.4,41.9,28,21.7
"Conforto, Michael","624424","2024","367","12",24,9.8,".434",".319","0.753","0.197",".286",".244",".456",".338",".212",73.4,35.8,"7.4",31.8,10.9,45,"101.289787899","94.864991092",26.4,45,40.6,33.5,25.9,41.8,31.8,17.6
"Gordon, Nick","624503","2024","275","8",24.4,4,".369",".258","0.627","0.142",".271",".222",".360",".267",".138",68.1,3.2,"7.3",34.7,6.1,29.6,"96.567867732","92.321775928",31.8,59.8,39.8,38.8,21.4,51,21.9,24.5
"Soler, Jorge","624585","2024","447","16",24.8,11.9,".438",".339","0.777","0.194",".298",".248",".450",".346",".202",75.3,55.3,"8",34.5,11.5,41.7,"101.403042446","94.930547698",29.1,45.1,44.2,33.5,22.3,36.3,29.5,24.5
"Cronenworth, Jake","630105","2024","500","15",18.2,8,".410",".321","0.731","0.162",".279",".270",".450",".344",".179",69.2,5.9,"7.1",33.9,8.7,38.7,"100.14086358","94.292396154",17,46.3,31.7,40.1,28.3,43.4,26.3,23
"Bauers, Jake","641343","2024","267","10",33,11.2,".392",".311","0.703","0.185",".284",".220",".426",".325",".206",73.7,29.6,"7.5",41.7,11.1,43.8,"100.187940704","94.528680493",28.2,46.2,49.3,31.3,19.4,27.8,35.4,25.7
"Bellinger, Cody","641355","2024","404","13",16.3,7.7,".432",".334","0.766","0.156",".302",".237",".384",".295",".147",69.4,5.8,"7.7",33.9,6.3,31.6,"97.402890197","92.777704178",22.8,50.5,42.4,29.9,27.6,37.2,34.9,21.7
"Calhoun, Willie","641432","2024","254","5",12.2,9.1,".380",".315","0.695","0.135",".263",".258",".358",".306",".100",69.8,9.8,"6.7",30.2,3,37.7,"98.9731294","93.584500603",13.2,43.6,38.7,39.2,22.1,43.7,22.1,24.6
"Crawford, J.P.","641487","2024","335","9",22.7,11.3,".347",".299","0.646","0.143",".243",".236",".388",".316",".152",72,24,"7.3",32,7.8,39.3,"99.201997037","93.743675302",19.5,41.3,34.2,41.6,24.2,45.2,26,21.9
"Fraley, Jake","641584","2024","284","3",19.4,6.3,".375",".331","0.706","0.095",".341",".244",".317",".280",".074",71.9,21.2,"7.1",34.1,2.4,24.5,"95.604622621","91.868795",20.9,59.1,45.2,30.3,24.5,44.7,21.2,26.4
"Garver, Mitch","641598","2024","369","12",31.4,13.3,".330",".287","0.617","0.163",".214",".181",".342",".290",".160",71,8.3,"7.3",33.7,8.5,39.7,"99.90307","94.164008232",32,38.2,46.2,36.2,17.6,38.2,29.1,22.6
"Heim, Jonah","641680","2024","386","11",18.1,6,".345",".277","0.622","0.117",".254",".236",".374",".287",".139",70.1,10.4,"7.4",28.9,6.9,39.2,"98.886041241","93.663662215",19.7,54.6,39.9,38.1,22,43.6,26.1,22.7
"McMahon, Ryan","641857","2024","496","16",28.8,11.5,".415",".338","0.753","0.167",".331",".246",".426",".333",".180",72.4,26.5,"7.2",36.8,11.7,50.9,"103.056725862","96.353358962",30.7,46.5,33.7,40.2,26.1,49.1,24.1,25.4
"O'Neill, Tyler","641933","2024","342","22",31.9,11.1,".544",".357","0.901","0.276",".343",".224",".497",".344",".273",75.2,52,"7.6",34.6,15.7,49.2,"103.066719792","95.95625",33.2,43.2,51.3,31.9,16.8,36.6,31.9,19.9
"Smith, Dominic","642086","2024","278","6",23.4,9,".390",".317","0.707","0.153",".298",".224",".384",".303",".160",69,2.3,"7",37,9.8,38,"98.648566703","93.617403187",24.7,45.5,39.1,38.6,22.3,40.8,32.6,22.8
"Tellez, Rowdy","642133","2024","329","9",22.2,6.7,".383",".298","0.681","0.136",".291",".245",".397",".304",".152",74.3,43.8,"8",31.5,7.8,38.4,"101.255548707","94.705014459",22.4,42.6,37.5,33.6,28.9,40.9,23.3,25.4
"Siri, Jose","642350","2024","361","14",36.6,7.5,".372",".269","0.641","0.175",".275",".211",".429",".309",".219",72.4,25.9,"7.8",35.1,14.9,43.3,"101.180221146","94.740003021",39.3,49.3,37.6,35.6,26.8,41.8,28.9,22.7
"Rosario, Amed","642708","2024","287","2",17.4,2.8,".415",".331","0.746","0.110",".366",".263",".369",".288",".106",70.9,15.6,"7.3",32.3,4.4,35.8,"98.48492823","93.242464115",22.9,54.6,31,40.7,28.3,52.2,17.7,25.2
"Adames, Willy","642715","2024","526","22",24.7,10.8,".452",".333","0.785","0.200",".301",".248",".475",".345",".228",73.7,34.4,"8.1",36.7,11.5,40.5,"99.686123846","94.096596746",29.7,48.7,43.8,34.6,21.6,33.1,35.2,21.9
"Estrada, Thairo","642731","2024","346","9",19.4,2.9,".353",".249","0.602","0.137",".243",".226",".345",".265",".118",71.2,15.8,"7.2",28.4,4.9,32.6,"97.543458321","92.790579425",19.5,51,44.3,35.2,20.5,48.5,22.3,20.5
"Benintendi, Andrew","643217","2024","382","13",18.3,6.3,".369",".267","0.636","0.152",".234",".250",".399",".301",".149",68,1,"6.7",35.9,5.9,34.1,"97.215163099","92.757057218",20.8,49.5,44.3,34.8,20.9,40.8,30.7,22
"Dubón, Mauricio","643289","2024","311","4",12.9,3.9,".366",".285","0.651","0.113",".279",".250",".338",".275",".089",69.6,6.4,"7.6",30.4,3.1,26.5,"96.101853095","92.086342738",19.3,60,29.2,38.5,32.3,42,27.2,24.1
"Jansen, Danny","643376","2024","256","8",18,11.3,".392",".316","0.708","0.167",".246",".218",".375",".304",".157",69,5.1,"7",36.9,7.8,32.6,"97.896514607","92.967296461",20.7,40.3,52,30.2,17.9,26.3,33.5,26.3
"Kiner-Falefa, Isiah","643396","2024","334","7",14.1,4.2,".417",".332","0.749","0.130",".318",".253",".354",".291",".102",67.3,2.2,"6.8",34,2.3,27.4,"96.048937344","92.053398471",13.9,45.3,32.1,40,27.9,46,22.3,25.7
"McNeil, Jeff","643446","2024","420","12",13.6,6.2,".396",".296","0.692","0.156",".252",".242",".347",".287",".105",68.7,4.6,"7.2",32,3,32,"97.065127256","92.61615315",16.4,56,42,38.1,19.9,39.3,26.6,24.5
"Tauchman, Mike","643565","2024","305","6",19.7,11.8,".367",".344","0.711","0.121",".296",".243",".382",".323",".140",69.2,3.4,"7",35.1,7.3,39.5,"98.746606961","93.556893873",22.2,47.3,32.7,35.1,32.2,38.5,31.7,23.4
"Albies, Ozzie","645277","2024","394","8",15.5,6.1,".407",".310","0.717","0.149",".287",".253",".394",".306",".141",69,7.2,"7.2",34.2,5.9,31.9,"96.925042566","92.54891198",20.8,56.9,46.4,34.9,18.8,37.2,29.9,23.4
"Devers, Rafael","646240","2024","475","26",23.6,11.6,".588",".379","0.967","0.290",".346",".285",".556",".383",".271",72.9,31.9,"7.4",35.6,14.4,53.6,"104.975276908","97.379116382",29.9,50.8,31.4,40.5,28.1,39.5,27.8,25.2
"Naylor, Josh","647304","2024","476","26",17,9.5,".477",".326","0.803","0.230",".246",".261",".460",".341",".199",72.8,32.8,"7.7",30.3,9,44,"101.451068713","95.099563421",23.2,51.4,39.9,40.2,19.8,47.5,24.8,21
"Toro, Abraham","647351","2024","356","6",16.9,5.1,".353",".291","0.644","0.111",".279",".250",".373",".293",".123",69.5,10.5,"7.6",33.3,4.4,29.7,"97.503031103","92.818044834",17.4,48.5,38.1,38.8,23.1,44.3,26,22
"Arraez, Luis","650333","2024","517","3",5,3.5,".382",".340","0.722","0.074",".320",".318",".414",".333",".096",63,0.1,"5.9",42.2,1.7,24.6,"95.043140345","91.561929095",7.5,49.3,32.5,38.5,28.9,42.6,24.4,28.9
"Jiménez, Eloy","650391","2024","282","5",19.9,6.7,".368",".316","0.684","0.104",".318",".256",".399",".307",".144",73.8,38.7,"7.2",24.3,8.7,50.5,"103.534267961","96.405506341",26.1,50.8,38.8,44.2,17,60.2,12.6,19.4
"Torres, Gleyber","650402","2024","485","10",21.2,9.3,".353",".311","0.664","0.115",".286",".232",".370",".301",".138",69.9,7.7,"7.3",37.7,6.6,34.1,"97.884038976","93.072995408",23.8,46.4,31.4,35.6,32.9,35.6,29.3,27.5
"Castro, Willi","650489","2024","492","10",24.4,7.9,".410",".337","0.747","0.154",".331",".248",".391",".320",".143",70.6,15.5,"7.1",38.4,6.9,37.1,"98.967176369","93.54305099",29.7,51.3,40.9,35.2,23.9,40.6,26.4,27.4
"Díaz, Yandy","650490","2024","492","10",15.7,7.5,".391",".325","0.716","0.122",".303",".275",".420",".328",".145",73.1,32.8,"7.5",28.5,7.2,49.7,"103.36485631","96.295824679",14,44.5,25,43.9,31.1,56.1,18.1,21.3
"De La Cruz, Bryan","650559","2024","505","18",27.1,5.1,".395",".282","0.677","0.154",".299",".251",".444",".316",".193",71.7,20.4,"7.7",35.1,10.3,41.6,"99.962656331","94.273545325",30.2,53.9,38.6,32.7,28.6,40.7,29.2,25.1
"Rengifo, Luis","650859","2024","304","6",14.5,5.3,".417",".347","0.764","0.117",".339",".261",".353",".293",".092",69.5,11.8,"7.2",30.4,2.5,32.5,"96.9891535","92.548929456",22.3,56.3,35.8,40.4,23.8,55.4,17.1,23.3
"Chapman, Matt","656305","2024","518","19",24.1,11,".444",".336","0.780","0.198",".298",".259",".470",".353",".210",76.5,65.9,"7.4",32,13,48.5,"104.411893476","96.788304434",23.2,44.8,36.9,37.8,25.4,38.1,27.5,23.9
"Hoskins, Rhys","656555","2024","387","20",27.1,9.6,".435",".308","0.743","0.210",".257",".200",".396",".298",".196",71.1,13,"8.1",28.2,11.8,39.2,"98.992946975","93.583132447",26.1,43.1,50.8,28.2,21,31.9,36.6,19.7
"Joe, Connor","656582","2024","350","7",20.6,8.9,".369",".314","0.683","0.135",".282",".217",".322",".279",".105",72.1,23.4,"7.4",32.8,4.6,32.8,"97.994108917","93.004873333",24.3,43.6,43.2,31.5,25.3,44.8,22,20.7
"Mullins II, Cedric","656775","2024","370","13",21.1,6.8,".401",".283","0.684","0.176",".253",".216",".348",".274",".132",71.1,8.3,"7.5",32.3,5,33.1,"97.705637266","92.88715149",19.6,53,40,33.5,26.5,32.7,28.8,23.8
"O'Hearn, Ryan","656811","2024","374","12",12.6,10.4,".452",".356","0.808","0.173",".292",".291",".505",".374",".214",72.3,23.4,"7.1",35.3,8,43.7,"100.60451993","94.712416632",16.4,45,35.3,38.5,26.2,39.9,28.3,25.5
"Schwarber, Kyle","656941","2024","518","28",27.2,17,".484",".380","0.864","0.233",".300",".255",".504",".381",".249",77.4,76.9,"7.8",30.9,13.7,54.7,"105.217117902","97.547885088",31.5,38,49.5,34,16.5,39.6,29.1,23.2
"Thomas, Lane","657041","2024","395","8",23.5,9.4,".371",".314","0.685","0.138",".291",".257",".383",".321",".126",71.5,15.4,"6.8",32.4,6.6,41.7,"100.423909462","94.459234749",21.5,42.5,38.2,37.5,24.3,38.2,26.6,25.1
"Verdugo, Alex","657077","2024","504","10",15.3,8.1,".366",".294","0.660","0.131",".257",".256",".390",".310",".134",68.4,7.8,"6.3",32.2,6.2,36.1,"98.373114158","93.266779289",16.2,44.1,34.8,35.6,29.6,49.1,22.6,23.1
"Wong, Connor","657136","2024","371","11",23.2,5.7,".440",".350","0.790","0.145",".365",".235",".361",".292",".125",72.2,19.6,"7.3",28.2,5.1,34.5,"98.639119919","93.39582996",27.8,51.8,40,33.7,26.3,45.1,25.9,19.6
"DeJong, Paul","657557","2024","397","20",30.7,4.5,".440",".285","0.725","0.205",".289",".229",".412",".299",".183",71.8,13.1,"6.9",37.1,9.7,41.9,"99.994454839","94.161476774",33.4,58.2,42.3,36.3,21.4,31.5,32.7,25.4
"Sheets, Gavin","657757","2024","392","8",21.4,9.2,".374",".309","0.683","0.143",".281",".251",".390",".316",".139",72.8,31.1,"7.6",41,6,35.4,"99.100951716","93.700340899",23.2,45,38.8,32.1,29.1,35.1,25.7,31.3
"Ohtani, Shohei","660271","2024","550","37",22.4,12,".606",".378","0.984","0.315",".317",".314",".650",".439",".337",76,62.2,"7.7",37.1,19.9,58.4,"106.451010337","98.534698225",29.8,47.4,41.9,32.6,25.6,37.4,31.7,25.8
"Ruiz, Keibert","660688","2024","354","11",10.5,3.1,".361",".260","0.621","0.134",".224",".257",".367",".288",".110",66.3,0.8,"7.1",34.2,3.3,24.3,"95.075971867","91.548844533",12.1,52.3,45.2,39.2,15.6,32.2,32.6,25.2
"Sánchez, Jesús","660821","2024","398","15",25.9,6,".418",".295","0.713","0.176",".295",".266",".492",".344",".227",74.8,51.8,"7.2",31.8,12.7,53.2,"104.758594511","97.195631849",30.2,53.4,30,40.8,29.2,49.8,22.5,24
"Contreras, William","661388","2024","526","16",20,9.9,".463",".357","0.820","0.179",".334",".271",".477",".354",".206",74.7,50.6,"7.3",28.4,9.8,50.3,"103.924066885","96.733477951",27.5,47,38.3,38.5,23.2,53.6,20.2,21
"Varsho, Daulton","662139","2024","428","15",26.2,10,".405",".293","0.698","0.197",".252",".182",".307",".258",".125",73.3,30.7,"7.6",29.3,5.2,33.3,"98.008831374","93.007572863",26.3,46.8,47.4,27.8,24.8,30.7,31.5,18.5
"Perkins, Blake","663368","2024","318","6",25.2,9.1,".363",".330","0.693","0.106",".335",".226",".327",".283",".101",69.5,2.9,"7.3",31.1,4.4,36.9,"97.974882143","93.237265459",26.3,43.1,31.6,41.7,26.7,51,23.3,20.4
"Nootbaar, Lars","663457","2024","263","7",21.7,11.8,".370",".317","0.687","0.144",".269",".251",".432",".335",".181",72.4,27.2,"6.9",29.7,8.6,48.6,"101.869821264","95.42173052",20.5,37.2,33.7,41.1,25.1,53.7,18.3,23.4
"Hoerner, Nico","663538","2024","492","5",10.6,7.3,".348",".325","0.673","0.092",".278",".275",".351",".312",".077",68.2,2.8,"7.1",35.6,1.5,28.5,"96.344913571","92.18362602",11.7,47.6,31.6,39.7,28.8,45.3,19.8,29
"Riley, Austin","663586","2024","463","19",25.1,8,".464",".322","0.786","0.207",".310",".271",".518",".366",".247",75.2,53.6,"7.5",36.9,14.7,53.3,"103.761866579","96.843792171",27.4,50.1,35.3,37.9,26.8,36.6,31.4,26.5
"Larnach, Trevor","663616","2024","283","11",20.5,9.5,".413",".318","0.731","0.171",".270",".265",".478",".351",".212",72.8,27.1,"7.4",36.7,9.7,44.4,"102.032772755","95.372069031",27.3,45.3,44.4,30.1,25.5,44.9,28.1,23.5
"Mountcastle, Ryan","663624","2024","462","13",21.6,5.6,".435",".312","0.747","0.163",".323",".279",".468",".342",".189",75.2,52.6,"7.5",35.8,9.3,44.8,"102.090713713","95.356515599",24.4,56.1,27.2,38.8,34,43.9,24.5,26.9
"Hayes, Ke'Bryan","663647","2024","392","4",19.1,5.9,".294",".286","0.580","0.059",".283",".244",".329",".278",".085",72.1,19.9,"6.9",30,2.4,42.4,"99.726487153","94.06952934",18.3,44.7,22.4,45.2,32.4,51.7,17.2,25.2
"Tucker, Kyle","663656","2024","262","19",15.6,17.6,".584",".395","0.979","0.318",".245",".284",".567",".414",".284",72.4,24.1,"7.5",39.1,13.8,44.8,"100.353269195","94.817830575",19.1,40.7,43.1,23,33.9,27.6,44.3,22.4
"India, Jonathan","663697","2024","473","11",21.1,12.7,".398",".356","0.754","0.147",".304",".275",".421",".354",".146",71.6,21.7,"7.1",40,8.2,38.7,"99.51380125","93.902804026",19.1,38.1,39.3,42.6,18,43.3,23,27.2
"Raleigh, Cal","663728","2024","462","26",29.7,11.3,".435",".305","0.740","0.224",".243",".231",".499",".350",".268",74.5,45.5,"7.7",37.5,17.1,51.3,"102.529186716","95.917202649",29.4,51.5,47.2,35.7,17.1,30.9,38.7,21.6
"Vierling, Matt","663837","2024","428","14",21.7,5.1,".440",".297","0.737","0.182",".300",".262",".420",".312",".158",71.2,12.6,"7.4",34.4,9,40.8,"100.292368182","94.351654137",19.4,44.8,38.9,35,26,40.2,25.4,25.7
"Stephenson, Tyler","663886","2024","372","16",18.8,8.9,".458",".323","0.781","0.211",".266",".250",".429",".331",".179",70.8,9.1,"7.4",33.3,10.2,44.3,"100.441889773","94.721325779",20.3,42.8,39,35.6,25.4,45.8,29.9,21.2
"Rodgers, Brendan","663898","2024","415","10",22.4,6,".422",".325","0.747","0.142",".344",".265",".396",".309",".131",71.6,25.3,"7.1",32.2,5.1,45.1,"101.317378844","94.914231638",24.7,49.8,32.2,44.7,23.1,56.6,15.9,24.4
"Lowe, Nathaniel","663993","2024","410","10",21.7,12.9,".382",".354","0.736","0.124",".315",".250",".368",".320",".118",73.2,29.1,"7.3",30.7,5.2,39.3,"100.269847669","94.243908158",19.4,42.5,23.2,44.6,32.2,50.2,23.2,23.6
"Happ, Ian","664023","2024","486","21",27,13,".452",".340","0.792","0.219",".286",".236",".451",".346",".215",72.3,23.6,"7",36.2,12.5,43.6,"101.411314755","95.140850385",28.1,44.8,42.5,31.7,25.8,39.7,31,21.6
"France, Ty","664034","2024","388","11",23.2,7.5,".370",".307","0.677","0.145",".272",".231",".411",".316",".180",70.6,11.6,"7.6",32.3,8.6,38.9,"99.518677674","93.918253385",23.6,48.8,33.5,35.4,31.1,44,27.2,22.6
"Lowe, Brandon","664040","2024","282","14",24.8,9.6,".488",".330","0.818","0.240",".287",".264",".533",".372",".269",73.3,34.1,"7.1",41.4,14.9,46.4,"101.670925824","95.235663757",32,52.5,44.2,40.3,15.5,34.8,33.1,26
"Bader, Harrison","664056","2024","349","8",21.2,4.6,".393",".307","0.700","0.130",".314",".256",".390",".303",".134",71.1,19.5,"7.1",35.2,6.3,35.2,"98.629184488","93.391829012",24.5,46.9,42.7,39.1,18.2,44.3,22.5,25.7
"Moore, Dylan","664238","2024","357","9",27.7,10.6,".381",".312","0.693","0.179",".263",".202",".340",".296",".138",73.1,27.5,"7.2",38.5,8.2,36.5,"98.982814423","93.602699324",24.7,42.9,47.6,31.7,20.7,28.4,34.6,26
"Isbel, Kyle","664728","2024","319","7",18.5,6.3,".377",".288","0.665","0.145",".268",".247",".361",".292",".114",70.8,11.8,"7.2",25.7,4.2,36.7,"99.450878246","93.825550439",18.8,45.7,40.9,34.2,24.9,52.7,20.3,21.1
"Bohm, Alec","664761","2024","514","13",13.8,7,".481",".350","0.831","0.185",".322",".305",".481",".363",".176",72.2,22.8,"7.4",36.7,7.5,46.6,"101.0381354","95.01125005",17.3,48.9,34.7,36.4,28.9,44.4,23.7,26.9
"Wade Jr., LaMonte","664774","2024","283","4",22.6,16.3,".384",".404","0.788","0.105",".366",".278",".438",".370",".160",72.1,22.3,"6.7",40.2,8.9,44.4,"101.371506786","95.172200952",24.4,40.3,36.7,42,21.3,40.8,25.4,32.5
"Brown, Seth","664913","2024","272","10",30.5,6.6,".369",".272","0.641","0.155",".277",".224",".388",".292",".164",73.3,26.3,"7.2",36.1,9.5,36.7,"99.789300714","94.070110359",30.2,52.3,39.6,35.5,24.9,37.9,28.4,23.7
"McCarthy, Jake","664983","2024","335","6",16.7,7.8,".456",".384","0.840","0.143",".368",".277",".390",".330",".113",67.7,4.6,"6.8",34.8,3.3,23.8,"95.782255826","91.891440174",18.2,47.8,32.8,43,24.2,46.3,25,24.2
"Peña, Jeremy","665161","2024","496","12",16.7,4,".406",".324","0.730","0.127",".316",".277",".409",".322",".131",72.4,21.2,"7.6",31.2,5,38.3,"99.139922447","93.635961653",23.9,52.8,40.4,37,22.6,49.1,22.6,23.4
"Tatis Jr., Fernando","665487","2024","345","14",20.6,8.7,".468",".354","0.822","0.189",".321",".309",".553",".400",".244",74.5,46.4,"7.3",34.9,13.9,53.8,"103.759475294","96.629932827",27,49.8,37.4,35.7,26.9,43.3,27.3,25.6
"Guerrero Jr., Vladimir","665489","2024","529","25",14.6,9.8,".551",".389","0.940","0.232",".337",".323",".581",".412",".259",75.6,55.1,"7.7",34.8,14.1,55.7,"105.98573797","97.870420279",22.2,48,35.4,37.9,26.8,48.7,20.2,27.3
"Soto, Juan","665742","2024","548","34",15,18.8,".610",".436","1.046","0.305",".306",".328",".695",".481",".366",75.5,59.9,"7.3",35.5,20.8,57.3,"105.790539607","98.184763596",21.7,37,42.4,34.3,23.3,44.6,28.3,22.2
"Taveras, Leody","665750","2024","414","9",19.8,8,".358",".292","0.650","0.125",".272",".253",".393",".309",".140",71.3,15.2,"7.4",32.4,5.7,37.8,"99.699611438","93.944353608",25.2,48.1,29.1,36.5,34.4,41.8,27.4,24.1
"Amaya, Miguel","665804","2024","262","5",19.8,6.5,".326",".279","0.605","0.106",".260",".244",".353",".290",".109",72.6,29.4,"7.1",31.6,3.7,35.3,"99.069882826","93.664939837",24.3,52.5,36.8,31.6,31.6,48.9,22.1,24.2
"Cabrera, Oswaldo","665828","2024","280","8",18.9,6.1,".376",".294","0.670","0.128",".280",".249",".337",".283",".089",68.3,1.2,"7",34,3.8,34,"97.342745192","92.721982754",17.7,47.5,37.3,40.7,22,43.1,24.4,25.4
"Cruz, Oneil","665833","2024","443","18",32.3,7.2,".467",".316","0.783","0.207",".355",".266",".490",".343",".224",78.3,74.6,"7.7",35,17.7,53.4,"106.500480758","98.076990417",34,46.2,38.3,36.8,24.8,44.7,21.8,27.8
"Chisholm Jr., Jazz","665862","2024","491","20",25.1,8.8,".445",".328","0.773","0.188",".312",".239",".430",".318",".190",71.9,23.4,"7.5",29.6,10.9,39.1,"99.941374551","94.371359872",29.1,48.3,39.9,41.7,18.4,49.8,25.9,17.8
"Giménez, Andrés","665926","2024","473","5",14,4.2,".339",".306","0.645","0.081",".291",".271",".367",".303",".096",67.9,5.6,"7",32.8,2.9,28,"96.441066378","92.236701247",21.4,57.2,36,39.7,24.3,50.9,17.3,25.3
"Fermin, Freddy","666023","2024","265","6",17,6.4,".424",".352","0.776","0.119",".351",".248",".355",".289",".107",70.5,8.3,"7.5",30.8,4,34.8,"98.342523608","93.365174456",22.3,50.8,46.3,37.8,15.9,48.8,24.4,19.9
"Hamilton, David","666152","2024","288","7",25.7,6.9,".404",".309","0.713","0.149",".328",".245",".367",".293",".122",68.8,2.6,"7.2",40.4,5.2,32.6,"97.812331053","93.075183492",24.8,45.8,43,32.1,24.9,37.8,28.5,29.5
"Lux, Gavin","666158","2024","370","8",21.9,7.6,".381",".311","0.692","0.130",".307",".264",".390",".314",".126",71,13.9,"7.2",32.4,5.4,39.8,"98.82730155","93.566943852",22.7,45.1,35.1,42.1,22.8,51.4,18.9,24.3
"Moniak, Mickey","666160","2024","326","8",26.1,4.9,".360",".264","0.624","0.136",".282",".221",".377",".276",".156",73.2,30,"7.7",31.3,8.5,34.8,"99.549142703","93.855934234",29.1,56.8,44.2,35.7,20.1,34.8,29,21.9
"Rortvedt, Ben","666163","2024","254","3",26.8,11.4,".341",".343","0.684","0.090",".349",".209",".304",".278",".095",69.9,5,"7.1",30.3,3.9,31.6,"97.395500909","92.767093856",26.5,42.5,31,40,29,47.7,21.3,25.2
"Adell, Jo","666176","2024","384","18",27.9,7.8,".397",".277","0.674","0.196",".231",".226",".440",".320",".214",76.7,66.4,"7.6",29.7,11.7,45.2,"102.551536134","95.736278861",29.6,49.7,39.7,35.1,25.1,36.8,32.6,21.3
"Benson, Will","666181","2024","331","12",39.6,10,".389",".279","0.668","0.194",".296",".187",".347",".274",".159",72.1,21.7,"7.9",35.8,12.1,41.2,"99.854928659","94.212840491",38.1,47.8,50.9,29.1,20,37.6,34.5,23
"Bichette, Bo","666182","2024","330","4",18.8,6.1,".321",".276","0.597","0.098",".266",".260",".383",".306",".124",70.4,14.2,"7.3",31.8,4.5,43.8,"100.973952314","94.845716141",21.4,56.4,26.9,36.7,36.3,46.1,18,31.4
"Naylor, Bo","666310","2024","292","9",31.8,7.5,".353",".261","0.614","0.154",".265",".198",".330",".259",".132",70.7,9.7,"7.4",31.3,7.4,38.6,"98.82839046","93.571034828",29.2,46.7,43.8,35.2,21,35.8,30.1,22.7
"Morel, Christopher","666624","2024","481","20",24.7,11,".357",".295","0.652","0.166",".211",".233",".432",".336",".199",76.3,68,"8",25.8,11.4,41.5,"101.550635772","94.912476309",33.5,46,47.8,36.5,15.7,45.8,26.4,16.1
"García, Adolis","666969","2024","487","20",25.9,7.4,".405",".292","0.697","0.178",".268",".233",".427",".315",".194",72.3,25.4,"8",33.5,12.2,48,"102.197053711","95.669528931",33.3,52,34.5,35.1,30.4,40.4,30.1,21
"Gurriel Jr., Lourdes","666971","2024","466","14",19.3,4.3,".412",".307","0.719","0.141",".311",".263",".411",".308",".148",70.5,9.2,"7.5",33.2,6.5,38.4,"99.116738636","93.676970966",20.1,51.1,40.1,31.8,28.1,38.1,28.7,24.7
"Rooker Jr., Brent","667670","2024","436","29",29.6,9.9,".583",".367","0.950","0.290",".364",".280",".608",".403",".327",74,39.8,"7.1",40.8,18.1,51.2,"103.999258923","96.75950471",33,48.8,43.5,36.2,20.4,31.5,34.6,24.6
"Arozarena, Randy","668227","2024","487","16",24.8,11.9,".393",".333","0.726","0.175",".266",".228",".398",".332",".171",72.8,33.4,"7.4",28.6,8.5,43.2,"100.929945034","94.765737611",29.6,41.5,41.8,37.8,20.4,43.2,29.3,19
"Bleday, JJ","668709","2024","483","15",18,10.6,".449",".330","0.779","0.200",".280",".259",".427",".334",".168",72.1,18.7,"7.3",39.8,7.8,36,"99.05448614","93.564176901",24.6,44.2,40.7,36.3,23,33.1,30.8,28.2
"Steer, Spencer","668715","2024","497","18",20.5,10.7,".427",".324","0.751","0.193",".264",".240",".398",".320",".158",71.7,14.3,"7.4",34.8,6.8,40.2,"99.233021964","93.750669642",22.1,44.6,41.1,34.2,24.7,37.8,30.1,23.5
"Reynolds, Bryan","668804","2024","525","19",22.7,8.4,".465",".350","0.815","0.182",".341",".276",".474",".355",".197",71.6,18.5,"6.9",36.2,9.8,46.9,"101.307891629","95.019321634",29.4,49.8,36.2,37.9,25.8,47.8,26.1,23.6
"Vientos, Mark","668901","2024","293","19",25.3,8.2,".555",".338","0.893","0.280",".310",".260",".500",".353",".240",72.3,23.7,"7.6",33.7,16.1,45.6,"102.277845313","95.49343375",32.7,49.9,37.8,40.4,21.8,44.6,24.4,23.3
"Turang, Brice","668930","2024","468","7",17.3,7.9,".361",".317","0.678","0.104",".301",".261",".353",".300",".092",66.4,3.7,"6.1",33,3.2,31.9,"97.319747024","92.791516985",12.8,46.7,25.6,41.7,32.8,52.9,17.5,24.7
"Rutschman, Adley","668939","2024","491","17",16.3,9,".424",".332","0.756","0.157",".287",".270",".429",".333",".159",69.3,5.5,"7",38.4,7.1,39.2,"98.666103388","93.496982658",17.6,45.3,42.5,35.3,22.2,34.2,32.9,26.8
"Rojas, Josh","668942","2024","376","6",21.8,9.8,".343",".310","0.653","0.113",".287",".224",".362",".295",".137",66.7,0.7,"7.3",36.4,5.9,38.3,"97.85059127","93.167740397",23.3,45.9,37.5,39.5,22.9,40.7,28.9,24.1
"Melendez Jr., MJ","669004","2024","342","14",24.6,7,".406",".264","0.670","0.203",".230",".245",".434",".318",".189",72.7,32.4,"7.7",29.4,8.7,42.9,"101.240886783","94.958140217",28.6,53,45,33.3,21.6,41.1,29,20.8
"Marsh, Brandon","669016","2024","352","11",33,10.2,".399",".318","0.717","0.158",".340",".239",".408",".322",".169",71.9,15.6,"7.2",42.2,8,47.2,"101.19579101","95.176786111",27.3,39.6,36.2,34.2,29.6,38.2,30.2,29.1
"Langeliers, Shea","669127","2024","396","22",26.8,7.6,".468",".295","0.763","0.238",".258",".249",".488",".342",".240",74.2,42.7,"7.3",35.7,14.5,43.9,"102.055142734","95.390422353",29.8,50.2,43.5,41.6,14.9,37.3,31.8,22.7
"Campusano, Luis","669134","2024","263","7",13.7,5.3,".371",".274","0.645","0.137",".248",".248",".359",".285",".111",69.2,7.4,"7.5",28.2,4.7,33.8,"98.537569245","93.356318491",21.1,52.8,36.6,45.5,17.8,46,24.4,23
"Senzel, Nick","669222","2024","264","7",22.7,10.6,".335",".286","0.621","0.138",".235",".237",".365",".304",".128",68.8,2.7,"7.5",39.1,5.7,27,"95.840559651","91.92197186",23.5,46.7,35.6,39.7,24.7,42.5,24.1,24.1
"Wells, Austin","669224","2024","292","9",19.9,12,".426",".347","0.773","0.169",".294",".266",".453",".356",".188",72.3,20.9,"7.4",36.5,8.1,38.6,"99.823725313","94.156619162",26.7,49.6,37.6,32.5,29.9,35.5,29.4,27.4
"Smith, Will","669257","2024","428","16",20.1,9.8,".440",".329","0.769","0.189",".280",".239",".441",".326",".202",67.9,2.9,"7.2",37.3,10.2,42,"99.393970204","94.004239864",20.5,46.3,32.2,42,25.8,32.5,41.7,20.3
"Suwinski, Jack","669261","2024","277","9",28.5,9.7,".324",".264","0.588","0.142",".225",".223",".369",".295",".146",73.2,32.4,"7.3",28.8,8.8,38.2,"100.854161429","94.49330497",27.4,46.5,43.5,32.9,23.5,46.5,22.9,23.5
"Espinal, Santiago","669289","2024","255","8",12.2,5.9,".381",".291","0.672","0.134",".250",".252",".342",".282",".091",66.7,3.1,"7.4",31.3,2.4,25.5,"95.267935686","91.636102353",12.7,49.3,35.6,31.3,33.2,42.8,25,23.6
"Miranda, Jose","669304","2024","335","9",14.3,4.8,".492",".349","0.841","0.183",".339",".269",".430",".324",".161",71.2,16.1,"7.6",35,6.8,39.8,"99.642028421","93.976480977",21.7,50.9,41.4,39.8,18.8,38,28.9,25.2
"Gorman, Nolan","669357","2024","394","19",37.6,8.6,".406",".274","0.680","0.202",".281",".214",".451",".315",".236",73.2,30.4,"7.5",40.8,17.1,39,"100.825953429","94.477643238",38.6,50.8,40.3,43.1,16.6,31.3,38.9,22.3
"Burger, Jake","669394","2024","415","24",26.7,5.5,".480",".304","0.784","0.227",".291",".252",".494",".341",".242",74.8,49.5,"7.4",30.9,13.5,48.4,"104.194647372","96.491253212",29.8,52.3,41.1,37.8,21.1,44,28,20.4
"Smith, Josh","669701","2024","455","12",19.6,8.6,".423",".358","0.781","0.155",".318",".236",".350",".306",".114",70.2,6.5,"6.9",33.9,3.5,35.2,"97.817000523","92.986068918",21.7,46.5,44.2,36.8,19,40.3,28.4,24.2
"Triolo, Jared","669707","2024","307","4",25.7,9.1,".272",".277","0.549","0.073",".259",".225",".321",".281",".096",70.7,8.4,"7.9",36.5,4.1,39.1,"99.449917347","93.952538214",27.2,49.5,34.5,39.6,25.9,45.7,23.9,26.9
"Toglia, Michael","669911","2024","297","19",31.3,9.8,".489",".296","0.785","0.269",".252",".247",".522",".357",".276",73.3,32,"7.5",39.1,17.2,51.1,"102.457438391","95.958378161",33.1,46.6,44.3,32.8,23,33.3,38.5,24.1
"Lopez, Nicky","670032","2024","355","0",14.1,7.6,".296",".312","0.608","0.051",".291",".234",".291",".269",".057",64.2,0.8,"6.7",29.9,0.7,16.8,"93.991035714","91.007350377",18.5,49.2,29.9,38.7,31.4,55.5,19.3,20.1
"Raley, Luke","670042","2024","336","15",30.4,4.8,".433",".301","0.734","0.200",".298",".221",".408",".305",".187",74.5,46.1,"7.2",30.4,9.3,40.7,"101.061778673","94.691822296",34,53.1,45.1,33.3,21.6,49,24.5,20.1
"Alvarez, Yordan","670541","2024","500","25",15,11.4,".552",".394","0.946","0.248",".317",".299",".594",".409",".295",76.3,60.1,"7.6",34.3,14.2,47.4,"103.773291285","96.394970726",20.7,47.2,36.5,37,26.5,33.4,37.3,22.8
"Paredes, Isaac","670623","2024","493","18",15.8,11.8,".421",".345","0.766","0.187",".246",".215",".352",".306",".137",68.1,4.2,"8",35,5.2,26.5,"95.934703547","91.985053353",17.3,44.5,52.8,28,19.2,30,31.2,23.3
"Ramos, Heliot","671218","2024","365","17",26.8,7.9,".489",".340","0.829","0.207",".350",".251",".488",".340",".237",75.4,57.6,"6.9",32.5,15.2,48.3,"102.794318051","95.886080511",29.6,50.8,28.3,41.4,30.4,47.3,27,21.5
"García, Luis","671277","2024","412","14",15.8,5.1,".459",".328","0.787","0.167",".321",".293",".475",".344",".182",71.5,21.8,"7.3",32.5,8,41.7,"100.334767391","94.384086324",20.9,51.1,24.2,46.3,29.4,46.6,25.5,24.8
"Freeman, Tyler","671289","2024","360","7",13.6,7.5,".331",".305","0.636","0.119",".229",".242",".350",".305",".108",71.6,16.2,"7.2",31.7,3.4,35.4,"98.745169318","93.509651477",16,46.9,41,34.3,24.6,46.3,22.8,23.1
"Butler, Lawrence","671732","2024","295","13",26.4,8.8,".453",".305","0.758","0.213",".287",".256",".483",".347",".227",74.8,49,"7.1",36.1,11,48.2,"102.102559368","95.580005947",28.6,46,30.9,40.8,28.3,40.3,28.3,26.7
"Harris II, Michael","671739","2024","292","6",21.9,5.1,".361",".291","0.652","0.113",".302",".270",".408",".314",".138",74.2,44.5,"8.1",31.3,6.6,44.1,"102.353565429","95.482912095",25.2,57.5,43.1,36,20.9,52.6,17.1,22.7
"Bailey, Patrick","672275","2024","358","7",21.2,8.9,".351",".303","0.654","0.113",".285",".264",".406",".326",".142",71.2,13,"7.3",38.4,5.2,41.5,"100.52934377","94.649943156",21.7,47.6,36,40,24,40.8,24.8,31.6
"Siani, Michael","672279","2024","259","2",26.6,4.2,".325",".297","0.622","0.069",".354",".217",".287",".246",".070",68.9,6.1,"7.2",35.2,2.8,25.1,"96.454021795","92.246622179",26.5,51,31.8,36.4,31.8,60.8,15.3,21.6
"Kelenic, Jarred","672284","2024","389","13",29.8,6.9,".405",".291","0.696","0.168",".312",".243",".416",".309",".173",72.4,22.5,"7.3",36.3,9.4,44.1,"100.09881459","94.342422582",33.3,50.4,42.9,37.1,20,37.6,29,27.8
"Kirk, Alejandro","672386","2024","257","3",14.4,9.3,".324",".307","0.631","0.085",".262",".255",".393",".328",".139",69.8,10.6,"7.1",35.6,7.2,40.2,"100.03777","94.485234611",16.4,44.4,29.4,40.2,30.4,45.4,19.6,25.8
"Moreno, Gabriel","672515","2024","314","5",14.3,10.8,".385",".344","0.729","0.123",".294",".260",".401",".327",".142",70.6,12.8,"7",33.5,6.9,42.1,"99.942937607","94.326815107",17.3,41.9,27,41.2,31.8,48.9,22.3,23.2
"Garcia, Maikel","672580","2024","504","6",15.7,6.3,".341",".284","0.625","0.105",".272",".269",".386",".307",".117",70.7,11.5,"7.2",34.4,4.1,43.5,"100.338644508","94.555976684",15.4,43.7,30,41,29,49.1,20.4,26.2
"Lopez, Otto","672640","2024","274","3",17.2,4.4,".301",".266","0.567","0.071",".269",".265",".387",".299",".122",70.6,13.4,"6.5",25.4,4.7,37.6,"99.462712925","93.86180237",21.9,54.2,30,45.1,24.9,57.3,21.1,17.8
"Pérez, Wenceel","672761","2024","378","9",20.1,7.1,".386",".298","0.684","0.144",".285",".254",".371",".300",".118",70,7.9,"6.8",38.7,4.4,29.8,"96.925059552","92.52795791",19.6,46.4,39.1,39.1,21.9,36.1,25.9,28.1
"Diaz, Yainer","673237","2024","454","12",15.9,4,".443",".322","0.765","0.148",".326",".299",".463",".340",".164",72.6,24.3,"7.5",33.4,8,46.1,"101.023971989","94.852923536",22.4,57.7,38.1,39.5,22.4,51.1,19.6,24.3
"Robert Jr., Luis","673357","2024","276","14",36.2,7.6,".424",".272","0.696","0.212",".284",".210",".416",".292",".206",74.7,47.7,"7.7",34.2,13.5,44.5,"102.456403846","95.747962129",35.5,51,37.4,41.9,20.6,40,30.3,23.2
"Kim, Ha-Seong","673490","2024","464","11",16.6,12.5,".365",".328","0.693","0.136",".256",".247",".358",".316",".111",69,7.3,"6.8",35.8,4.9,35.8,"98.652802722","93.430039335",16.2,37.9,42.2,35.2,22.6,41.3,24.8,23.2
"Suzuki, Seiya","673548","2024","419","16",27.2,8.6,".472",".337","0.809","0.207",".336",".249",".455",".336",".207",73.1,36,"7.2",36.5,11.8,49.4,"102.715471515","95.87736673",24.8,40.6,32.3,43.7,24,34.2,35,24.7
"Westburg, Jordan","676059","2024","420","18",21.4,5,".497",".317","0.814","0.228",".307",".286",".509",".361",".222",71,10.7,"6.8",38.4,12.3,47,"101.956599735","95.397041296",29.1,51.6,38.7,38.7,22.5,40.4,27.2,26.8
"Clement, Ernie","676391","2024","303","7",7.3,2.3,".417",".296","0.713","0.141",".278",".269",".389",".292",".120",66.8,1.1,"6.8",35.3,3.3,23.5,"95.443258731","91.723387425",13.8,57.8,43.4,36.4,20.2,39,26.1,26.5
"Burleson, Alec","676475","2024","443","20",13.1,4.3,".455",".307","0.762","0.181",".274",".284",".467",".337",".183",71.1,16.7,"7.4",35.7,7.5,40.8,"99.625232472","94.133332584",19.9,56.8,34.3,38.8,26.9,40.2,26.3,27.1
"Caballero, José","676609","2024","365","8",27.9,5.5,".367",".290","0.657","0.132",".311",".228",".339",".280",".111",69.5,14.9,"6.9",32.6,5.5,27.1,"96.917557232","92.463727321",28.9,48.1,48.3,36.9,14.8,44.9,22.9,22.5
"Meyers, Jake","676694","2024","390","12",23.6,6.4,".390",".291","0.681","0.161",".274",".255",".427",".325",".173",68.9,9.3,"7",35.7,8.3,40.6,"100.339762946","94.279802519",27.6,50.1,45.1,35,19.9,43.2,27.1,22.2
"Schneider, Davis","676914","2024","360","10",29.4,10.8,".359",".297","0.656","0.154",".269",".204",".370",".300",".166",69.6,5.1,"6.9",36.5,11.8,36.5,"98.802744811","93.507096777",30.2,42.2,45.5,26.1,28.4,28.9,40.3,21.3
"Rocchio, Brayan","677587","2024","336","5",19.3,9.5,".307",".293","0.600","0.102",".243",".224",".326",".285",".102",69.4,2.6,"7.3",36.9,3.9,23.6,"95.925759732","92.01283817",22.7,48.7,36.5,42.1,21.5,47.6,24,21.9
"Rodríguez, Julio","677594","2024","429","11",27.5,5.6,".375",".315","0.690","0.110",".351",".279",".458",".340",".179",75.8,59,"7.9",33.7,9.9,47.5,"103.670017518","96.306526312",31.3,54.4,31.6,44.7,23.8,47.9,22.7,23.8
"Abreu, Wilyer","677800","2024","331","14",28.7,9.1,".508",".335","0.843","0.239",".346",".233",".455",".329",".222",74.4,43.3,"7.5",37.1,12.7,50,"101.55726198","95.402523119",29.9,49.2,44.9,32.7,22.4,32.2,35.6,24.4
"Witt Jr., Bobby","677951","2024","537","25",15.3,7.1,".621",".400","1.021","0.269",".378",".331",".608",".418",".277",74.7,50,"7.1",37,14.4,49.6,"104.016907767","96.553195839",22.2,50.9,29.4,42.1,28.5,36.5,29.4,26.5
"Tovar, Ezequiel","678662","2024","533","19",28.5,3,".459",".296","0.755","0.187",".350",".237",".398",".286",".161",70.9,15.9,"7.6",38,8,39.1,"99.219795966","93.902288977",34.3,62.6,38.2,37.7,24.1,36,31.9,24.7
"Rafaela, Ceddanne","678882","2024","453","13",24.5,3.3,".410",".295","0.705","0.148",".324",".243",".384",".286",".141",70.1,6.3,"7.4",34.6,6.5,36.8,"98.024761824","93.073296183",31.6,60.5,34.9,38.6,26.5,43.6,24.3,23.1
"Rojas, Johan","679032","2024","290","3",18.3,4.1,".307",".284","0.591","0.063",".294",".239",".313",".263",".074",71.6,22.9,"7.3",21.6,2.7,29.7,"97.287555905","92.654316619",22.6,48.4,34.7,42.3,23,57.2,19.4,14.9
"Schuemann, Max","680474","2024","339","6",25.7,11.5,".331",".333","0.664","0.093",".315",".218",".344",".300",".126",68.5,2.2,"6.7",36.8,6.2,36.8,"97.708426078","93.140382549",27.4,42.2,35.4,37.3,27.3,38.8,32.5,22.5
"Palacios, Richie","680700","2024","301","5",21.9,14,".332",".350","0.682","0.099",".295",".253",".350",".325",".097",69,3.8,"7",36.7,3.7,31.4,"97.118564468","92.589800374",25.4,46.7,46.8,34.6,18.6,37.2,20.2,30.9
"Kwan, Steven","680757","2024","422","13",8.5,7.8,".474",".379","0.853","0.154",".328",".299",".410",".338",".111",64.5,0.4,"6.5",39.1,2.9,22.9,"95.015920585","91.508640965",6.9,39.8,32.3,36.3,31.4,38,28.6,28.3
"Duran, Jarren","680776","2024","556","15",22.7,7.7,".505",".350","0.855","0.214",".360",".275",".459",".343",".184",73.1,31.9,"7.5",34.7,9.7,44.9,"102.186902698","95.500678196",25.1,47,29.2,41.3,29.5,46.7,21.4,26.1
"Jeffers, Ryan","680777","2024","363","18",20.4,6.9,".453",".307","0.760","0.227",".234",".232",".409",".316",".177",73,34.5,"7.5",32.4,9.2,33.2,"99.01132248","93.568411968",23.5,47.8,40,36.4,23.6,40.8,28.8,20.4
"Gelof, Zack","680869","2024","392","15",34.9,7.7,".367",".267","0.634","0.169",".270",".196",".363",".277",".167",71.7,11.3,"7.4",32.1,9,36.2,"98.60735","93.468841581",35.8,50.3,40.7,38.5,20.8,44.8,29,19
"Donovan, Brendan","680977","2024","496","9",12.7,7.1,".396",".337","0.733","0.126",".294",".265",".403",".324",".138",69.6,8,"6.9",35,4.7,37.4,"98.46096733","93.389514398",15,43.6,34.5,36.8,28.8,42.7,22.3,26.4
"Stott, Bryson","681082","2024","433","8",15.5,9.9,".345",".312","0.657","0.111",".260",".257",".378",".314",".121",68,1.6,"7.1",36.3,3.8,30,"97.060161258","92.581064038",16.1,43.6,32.2,36.6,31.3,41.3,27.2,24.4
"Cowser, Colton","681297","2024","412","18",28.4,9,".451",".325","0.776","0.202",".312",".247",".475",".345",".228",73.9,42.6,"6.9",32.9,13.9,46.8,"102.005934127","95.506979484",29.4,45.1,35.3,38.5,26.2,43.3,29.4,24.2
"O'Hoppe, Logan","681351","2024","405","17",26.9,5.9,".434",".314","0.748","0.178",".317",".268",".477",".345",".210",70.9,17.9,"7.3",39.8,11.4,46.6,"101.19137947","95.04035616",31.3,52,44.3,34.1,21.6,41.3,28.8,25
"Pages, Andy","681624","2024","391","9",25.1,6.6,".392",".307","0.699","0.144",".313",".248",".408",".316",".160",73,27.6,"7.7",39.1,10.7,40.2,"100.383089923","94.276552192",26.8,51.3,41.8,33.3,24.9,32.6,30.7,26.8
"Fry, David","681807","2024","325","12",20.9,11.1,".449",".367","0.816","0.181",".312",".252",".409",".335",".157",70.6,8.4,"7.8",36,7.1,39.8,"99.308082095","93.842674857",24.9,49.4,47.9,30.3,21.8,37,32.2,22.3
"De La Cruz, Elly","682829","2024","520","21",31.3,10,".489",".344","0.833","0.228",".359",".239",".444",".332",".205",74.8,51.4,"7.2",35.1,13.4,45.2,"103.034999864","95.936392925",33.1,42.9,43.5,33.4,23.1,46.8,24.7,24.7
"Abrams, CJ","682928","2024","501","17",20.4,7,".445",".322","0.767","0.197",".284",".258",".421",".329",".163",72.3,25,"7.5",33.8,6.9,40.7,"99.566099713","93.945464236",25,53.4,46.1,32.1,21.8,39.5,26.9,24.1
"Greene, Riley","682985","2024","427","17",25.5,11.9,".485",".357","0.842","0.221",".329",".251",".485",".355",".234",74.7,46.4,"7.2",37.6,12.9,45.6,"101.671723106","95.297825856",26.4,42.9,35.4,39.5,25.1,45.2,29.3,22.4
"Carroll, Corbin","682998","2024","507","12",18.1,10.5,".387",".309","0.696","0.168",".249",".239",".359",".310",".120",73.7,37.2,"7",25.8,5.1,37.6,"100.294356534","94.283711425",20.3,42,37.1,36.5,26.4,46.1,19.4,21.6
"Henderson, Gunnar","683002","2024","551","31",22.3,11.3,".553",".374","0.927","0.266",".325",".293",".525",".388",".232",76,62.1,"7.2",34.4,12.5,55.8,"104.211048389","97.114731643",24.2,44,36.4,39.2,24.4,47.8,23.6,24.2
"Volpe, Anthony","683011","2024","547","11",22.5,6,".385",".298","0.683","0.138",".306",".238",".339",".279",".101",69,2.8,"7.1",33.4,4.1,36,"98.108273757","93.188171751",23.3,48.9,28.5,41.5,30.1,51.8,20.7,23.8
"Vaughn, Andrew","683734","2024","465","14",21.9,6.5,".403",".297","0.700","0.162",".283",".253",".469",".334",".216",70.9,11.7,"7.6",37.8,10.4,43.9,"101.000864268","94.779195884",22.6,49.1,31.7,43.6,24.7,36.9,30.5,23.8
"Busch, Michael","683737","2024","428","16",30.8,11.7,".453",".346","0.799","0.196",".351",".224",".432",".325",".208",70.1,10.5,"7.3",39.3,12.3,38.9,"99.926983306","94.300093926",30.3,45,38.5,39.3,22.1,39.3,30.3,24.6
"Frelick, Sal","686217","2024","410","2",15.9,8.8,".328",".330","0.658","0.071",".308",".246",".307",".285",".061",66.6,2.3,"7",28.1,1,20.5,"94.810915986","91.436782048",13,40.1,31.5,42.1,26.5,50,17.2,23.8
"Pasquantino, Vinnie","686469","2024","495","18",13.1,7.3,".450",".314","0.764","0.190",".261",".267",".453",".336",".186",71.6,19.2,"7.4",33.6,7.7,46.2,"100.649163077","94.79934",14.9,47.3,45.4,35.1,19.5,37.9,29,24.1
"Doyle, Brenton","686668","2024","480","20",26.7,7.5,".465",".324","0.789","0.199",".329",".257",".451",".335",".195",71.1,8.8,"7.3",37.7,11.2,42.5,"101.354943922","94.936246928",30.1,50.9,38.3,34.2,27.5,41.2,29.4,24.3
"Lee, Korey","686676","2024","304","10",30.9,4.3,".364",".250","0.614","0.148",".283",".221",".373",".271",".152",71.6,15.3,"7.2",34.5,8.1,39.1,"99.996151771","94.037284167",38.5,58.6,35,38.1,26.9,49.2,23.4,20.8
"Brennan, Will","686823","2024","272","8",12.9,5.9,".397",".305","0.702","0.143",".267",".266",".392",".308",".126",68.9,3.2,"6.8",30.7,6,37.2,"98.168951667","93.116070093",17.8,55,37.6,39.4,22.9,43.1,28,22.5
"Neto, Zach","687263","2024","449","17",22.5,6.2,".458",".327","0.785","0.194",".311",".247",".444",".329",".196",70.8,14.3,"7.2",30.1,8.7,38.5,"100.412039007","94.44446691",26.7,49.7,43.7,35.6,20.7,45,28.2,19.1
"Ortiz, Joey","687401","2024","366","8",19.1,12.3,".406",".348","0.754","0.157",".294",".242",".358",".318",".116",73.9,39.1,"7.5",26.7,4.9,38.9,"99.596544754","93.869597705",16.5,40.6,40.5,28.3,31.2,47.8,19.8,23.5
"Keith, Colt","690993","2024","417","11",17.7,6.7,".378",".302","0.680","0.129",".281",".272",".416",".322",".144",71.1,13.6,"6.7",33.9,6.1,34.8,"98.441147389","93.33626377",21.1,48.1,35.8,37.4,26.8,42.8,26.8,25.9
"Winn, Masyn","691026","2024","466","10",16.5,7.1,".415",".325","0.740","0.140",".312",".266",".366",".302",".101",70,8.3,"7.3",34.6,3.1,31.3,"97.692174629","92.862656705",18.2,48,31.3,36.9,31.8,40,22.8,27.6
"Crow-Armstrong, Pete","691718","2024","258","5",22.5,4.3,".357",".253","0.610","0.147",".256",".224",".360",".272",".136",71.4,10.4,"7.2",31.7,5.9,36,"98.788934884","93.599954651",27.7,61.4,41.9,36.6,21.5,43.5,30.1,21
"Gonzales, Nick","693304","2024","267","5",21.3,4.1,".387",".293","0.680","0.129",".311",".259",".405",".308",".146",71.2,14.3,"7.3",31.6,9.2,37.8,"99.022314124","93.606799482",25.7,56.9,41.3,35.7,23,41.8,28.1,24.5
"Chourio, Jackson","694192","2024","405","15",21.5,6.2,".444",".319","0.763","0.170",".319",".283",".430",".328",".147",73.1,33.9,"7.4",32.2,6.8,46.2,"100.86132269","94.869763945",27,49.7,32.9,43.2,24,48.3,23.6,24.7
"Schanuel, Nolan","694384","2024","471","12",16.6,11.5,".367",".340","0.707","0.123",".272",".262",".374",".327",".112",65.5,2.3,"6.6",36.3,3.9,26.9,"95.713597099","91.863977006",14.6,41.7,41.4,35.6,23,47.7,20.8,27.8
"Langford, Wyatt","694671","2024","401","7",20.7,8.7,".368",".309","0.677","0.127",".292",".251",".405",".315",".155",74.5,49.5,"7",31.3,7.5,43.1,"100.915220786","94.616947204",22.1,42.8,43.1,33.5,23.5,37.7,28.1,23.1
"Young, Jacob","696285","2024","396","2",19.9,5.8,".327",".314","0.641","0.073",".320",".259",".325",".290",".066",68.3,1.5,"7",28.8,1.4,27.4,"96.300179845","92.198037471",19.5,44.7,27.4,36.5,36.1,56.5,14.7,24.2
"Merrill, Jackson","701538","2024","450","17",18.2,4.7,".486",".322","0.808","0.196",".322",".299",".519",".361",".220",71.9,20.2,"7.5",39.6,10.1,43.4,"100.486524971","94.528522398",20.6,56.6,31.8,42.2,26,39,31.5,24.9
"Yoshida, Masataka","807799","2024","295","8",13.6,7.5,".429",".366","0.795","0.138",".316",".258",".407",".330",".150",71,14.7,"7.3",34.5,6.3,40.4,"99.691297232","93.958661659",15.8,42.8,39,35.4,25.6,44.4,23.8,26.9