"pitches","player_id","player_name","total_pitches","pitch_percent","ba","iso","babip","slg","woba","xwoba","xba","hits","abs","launch_speed","launch_angle","spin_rate","velocity","effective_speed","whiffs","swings","takes","eff_min_vel","release_extension","pos3_int_start_distance","pos4_int_start_distance","pos5_int_start_distance","pos6_int_start_distance","pos7_int_start_distance","pos8_int_start_distance","pos9_int_start_distance","pitcher_run_exp","run_exp","bat_speed","swing_length"
301,668715,"Steer, Spencer",2250,13.4,0.232,0.107,0.293,0.339,0.312,0.316,0.248,13,56,87.4,15.3,2237,90.6,90.94,32,125,175,0.30000000000001137,6.56,105,150,120,145,303,322,291,"-3.1","3.1","69.587777016","7.215359597"
296,595777,"Profar, Jurickson",2341,12.6,0.183,0.133,0.2,0.317,0.278,0.325,0.253,11,60,91.2,9.1,2211,90.2,90.63,21,136,160,0.3999999999999915,6.55,110,147,117,150,298,326,302,"0.3","-0.3","70.511079754","7.166031557"
295,650402,"Torres, Gleyber",2317,12.7,0.273,0.145,0.317,0.418,0.356,0.314,0.222,15,55,88.6,9.5,2184,89.9,90.38,30,135,160,0.5,6.6,112,152,125,147,304,326,286,"-4.2","4.2","71.213187724","7.185503415"
289,630105,"Cronenworth, Jake",2312,12.5,0.254,0.136,0.292,0.39,0.336,0.354,0.264,15,59,84.8,14,2296,90.6,91.08,19,131,158,0.5,6.55,118,146,116,151,295,325,307,"0.2","-0.2","66.533030313","6.916395547"
287,680757,"Kwan, Steven",1940,14.8,0.15,0.033,0.167,0.183,0.216,0.264,0.198,9,60,85.1,17.5,2241,89.1,89.53,12,110,177,0.4000000000000057,6.54,115,146,100,149,277,312,296,"2.6","-2.6","63.429275347","6.45815099"
282,608070,"Ramírez, José",2281,12.4,0.214,0.179,0.213,0.393,0.294,0.305,0.24,12,56,87,24.6,2195,88.7,89.1,17,129,153,0.3999999999999915,6.5,111,147,127,150,297,324,292,"2.1","-2.1","69.360214094","7.051598425"
279,607208,"Turner, Trea",1656,16.8,0.283,0.15,0.313,0.433,0.326,0.32,0.285,17,60,91,6.2,2265,88.8,89.46,32,146,133,0.7000000000000028,6.64,108,151,118,146,301,318,289,"-0.9","0.9","68.497499197","7.368462993"
277,656941,"Schwarber, Kyle",2417,11.5,0.136,0.051,0.235,0.186,0.197,0.232,0.174,8,59,94.2,8.6,2288,88.5,88.98,43,114,163,0.5,6.53,122,147,129,152,298,322,299,"6.6","-6.6","73.459189009","7.483568378"
276,691026,"Winn, Masyn",2108,13.1,0.333,0.175,0.375,0.508,0.375,0.317,0.266,21,63,85.9,7.9,2390,90.2,90.51,29,123,153,0.29999999999999716,6.43,108,151,114,147,301,319,288,"1.1","-1.1","68.575803388","7.128873719"
276,593160,"Merrifield, Whit",1157,23.9,0.25,0.133,0.298,0.383,0.308,0.313,0.27,15,60,84.4,8.8,2298,90.2,90.91,23,123,153,0.7000000000000028,6.67,105,150,112,149,302,322,286,"3.8","-3.8","59.845401389","6.59268463"
275,669911,"Toglia, Michael",1498,18.4,0.204,0.184,0.296,0.388,0.33,0.344,0.213,10,49,91.1,8.4,2236,87.8,88.26,40,109,166,0.5,6.35,112,148,128,150,302,334,302,"0.7","-0.7","72.443275833","7.578662407"
272,673548,"Suzuki, Seiya",2031,13.4,0.322,0.22,0.421,0.542,0.397,0.323,0.245,19,59,88.3,17.2,2245,89.3,89.57,25,101,171,0.29999999999999716,6.44,110,150,121,145,307,322,291,"-2.9","2.9","69.3081489","7.0240964"
270,663697,"India, Jonathan",2219,12.2,0.22,0.136,0.224,0.356,0.295,0.338,0.252,13,59,83.6,20.5,2268,90.1,90.42,23,113,157,0.30000000000001137,6.55,109,151,120,146,301,320,289,"-0.5","0.5","70.314688108","7.327139369"
269,624413,"Alonso, Pete",2356,11.4,0.232,0.25,0.281,0.482,0.333,0.369,0.251,13,56,93.4,16.3,2306,88.9,88.88,34,108,161,0,6.35,109,150,124,146,304,329,302,"0.7","-0.7","72.486209048","7.230143429"
267,682829,"De La Cruz, Elly",2331,11.5,0.266,0.109,0.308,0.375,0.311,0.351,0.291,17,64,91.4,11.1,2208,89.2,89.59,31,119,148,0.3999999999999915,6.52,117,146,115,150,297,324,298,"0.5","-0.5","74.27557193","7.263667456"
266,623993,"Santander, Anthony",2318,11.5,0.2,0.2,0.205,0.4,0.289,0.282,0.188,11,55,88.1,23,2191,89.1,89.47,16,118,148,0.4000000000000057,6.53,114,149,130,149,304,328,298,"2.5","-2.5","72.678978348","7.127044174"
265,596019,"Lindor, Francisco",2446,10.8,0.317,0.365,0.326,0.683,0.438,0.479,0.341,20,63,91.9,16.8,2200,89.2,89.25,32,140,125,0.09999999999999432,6.38,119,148,118,152,298,326,302,"-5.9","5.9","71.194112086","7.532163165"
263,542303,"Ozuna, Marcell",2417,10.9,0.375,0.179,0.528,0.554,0.431,0.37,0.275,21,56,89.4,10.4,2269,90.1,90.72,43,132,131,0.6000000000000085,6.64,105,151,125,146,308,329,297,"-7.5","7.5","71.635899609","7.227389063"
263,642715,"Adames, Willy",2316,11.4,0.296,0.352,0.333,0.648,0.443,0.427,0.307,16,54,89.3,22.4,2217,89.9,90.19,29,120,143,0.29999999999999716,6.45,107,150,124,146,301,322,296,"-7.6","7.6","70.448822417","8.01668525"
262,672695,"Perdomo, Geraldo",1150,22.8,0.25,0.192,0.289,0.442,0.346,0.254,0.179,13,52,82.6,23,2304,89.7,89.79,14,104,158,0.09999999999999432,6.37,114,148,107,151,288,320,297,"-0.1","0.1","63.0807253","6.6699737"
262,668930,"Turang, Brice",2103,12.5,0.224,0.082,0.289,0.306,0.285,0.292,0.245,11,49,84.4,0.1,2204,89.5,89.77,20,123,139,0.29999999999999716,6.41,116,145,106,149,288,317,301,"1.6","-1.6","63.966561282","5.906965897"
261,661388,"Contreras, William",2302,11.3,0.278,0.259,0.297,0.537,0.403,0.433,0.3,15,54,92.6,7.5,2141,88.2,88.54,29,136,125,0.29999999999999716,6.46,107,148,126,147,303,321,292,"-4.8","4.8","73.132507852","7.407555037"
261,683734,"Vaughn, Andrew",1989,13.1,0.196,0.071,0.233,0.268,0.225,0.255,0.197,11,56,90,21.1,2224,88.9,89.32,25,116,145,0.3999999999999915,6.55,107,150,122,147,300,323,287,"3.3","-3.3","69.315325526","7.366468684"
261,681297,"Cowser, Colton",1911,13.7,0.211,0.193,0.357,0.404,0.3,0.249,0.167,12,57,89.2,11.8,2270,88.6,88.9,40,114,147,0.30000000000001137,6.48,117,148,117,152,296,327,306,"0.9","-0.9","70.424137456","6.97334386"
260,683002,"Henderson, Gunnar",2436,10.7,0.155,0.121,0.175,0.276,0.231,0.27,0.213,9,58,87.8,8.9,2222,89.5,89.85,31,124,136,0.29999999999999716,6.48,118,148,128,152,297,328,306,"5.1","-5.1","75.253796748","7.020491382"
257,643396,"Kiner-Falefa, Isiah",1373,18.7,0.206,0.079,0.255,0.286,0.227,0.256,0.227,13,63,85.8,8.9,2211,89.1,89.27,24,122,135,0.20000000000000284,6.45,109,151,115,149,308,319,286,"5.2","-5.2","64.081674492","6.703326695"
257,660271,"Ohtani, Shohei",2386,10.8,0.288,0.407,0.256,0.695,0.426,0.433,0.315,17,59,96.4,20.5,2293,89,89.31,34,125,132,0.29999999999999716,6.41,116,146,132,152,299,325,308,"-5.6","5.6","75.067857016","7.874980565"
256,672640,"Lopez, Otto",1194,21.4,0.333,0.148,0.409,0.481,0.392,0.374,0.314,18,54,91.8,6.3,2244,89.2,89.68,22,108,148,0.5,6.51,109,151,116,148,305,318,286,"-3.2","3.2","67.902028095","6.362267429"
255,521692,"Perez, Salvador",1956,13,0.279,0.246,0.311,0.525,0.355,0.362,0.26,17,61,90.2,17.8,2297,88.5,88.71,51,148,107,0.20000000000000284,6.41,107,150,124,145,301,326,302,"-3.2","3.2","71.495293014","7.93777411"
255,605141,"Betts, Mookie",1693,15.1,0.236,0.236,0.217,0.473,0.332,0.359,0.274,13,55,89.4,18.1,2325,89.5,89.75,16,106,149,0.29999999999999716,6.44,106,151,119,145,304,322,299,"-1.3","1.3","64.4981954","6.7194449"
254,621566,"Olson, Matt",2497,10.2,0.263,0.333,0.262,0.596,0.391,0.442,0.323,15,57,90.7,11.1,2252,90.9,91.48,33,140,113,0.5999999999999943,6.6,111,146,126,150,302,332,303,"-5.7","5.7","72.535355652","7.081884783"
252,671739,"Harris II, Michael",1251,20.1,0.228,0.123,0.314,0.351,0.278,0.324,0.251,13,57,90,4,2218,91.3,91.8,40,128,124,0.5,6.56,118,148,113,151,299,329,303,"1.8","-1.8","74.280367917","8.045039333"
252,592518,"Machado, Manny",2011,12.5,0.317,0.302,0.294,0.619,0.417,0.394,0.302,20,63,94.5,9.3,2288,89.4,89.89,24,125,127,0.5,6.58,109,152,126,148,309,328,303,"-4.5","4.5","72.675673115","7.746562541"
251,695578,"Wood, James",921,27.3,0.271,0.104,0.375,0.375,0.355,0.35,0.246,13,48,87.2,2.6,2245,87.6,87.82,27,91,160,0.20000000000000284,6.44,119,148,126,152,296,325,302,"-2.4","2.4","71.450647778","7.279618444"
251,665833,"Cruz, Oneil",2007,12.5,0.386,0.14,0.5,0.526,0.409,0.324,0.284,22,57,96.6,9.8,2213,88.1,88.41,38,118,133,0.30000000000001137,6.44,114,146,124,152,300,326,306,"-7.7","7.7","76.8052075","7.512579375"
251,664023,"Happ, Ian",2313,10.9,0.316,0.298,0.395,0.614,0.428,0.457,0.326,18,57,94.3,14.4,2197,88.9,89.22,31,118,133,0.29999999999999716,6.43,116,144,113,146,295,321,299,"-5.1","5.1","69.52082","6.777867607"
250,668901,"Vientos, Mark",1356,18.4,0.298,0.158,0.484,0.456,0.347,0.294,0.213,17,57,91.8,13.9,2312,87.7,87.73,46,123,127,0,6.35,111,151,125,147,302,328,296,"-1.9","1.9","69.035904917","7.443795667"
249,670770,"Friedl, TJ",941,26.5,0.158,0.105,0.182,0.263,0.228,0.262,0.205,9,57,85.3,14.3,2184,90,90.25,20,111,138,0.20000000000000284,6.46,112,144,104,150,290,318,293,"5.3","-5.3","69.550955185","6.684621204"
248,571448,"Arenado, Nolan",2082,11.9,0.267,0.183,0.26,0.45,0.318,0.299,0.274,16,60,89.2,16.1,2311,90.9,91.39,18,126,122,0.5,6.56,109,152,124,146,299,322,294,"-1.6","1.6","68.762770976","8.172779675"
248,665742,"Soto, Juan",2480,10,0.167,0.222,0.162,0.389,0.284,0.341,0.249,9,54,88.3,9.6,2217,89.3,89.77,23,104,144,0.5,6.58,116,146,121,151,297,331,296,"-0.6","0.6","72.439666458","7.259508438"
246,681146,"Bride, Jonah",687,35.8,0.212,0.077,0.244,0.288,0.26,0.249,0.211,11,52,82.6,6.4,2251,88.5,88.85,10,100,146,0.4000000000000057,6.46,111,151,128,147,302,321,291,"4.9","-4.9","66.519119388","7.217496224"
245,543807,"Springer, George",2000,12.3,0.193,0.263,0.171,0.456,0.323,0.339,0.226,11,57,91.4,11.6,2269,88.3,88.34,29,117,128,0,6.32,109,151,124,149,295,326,295,"-2.5","2.5","70.780197027","7.493221532"
245,679529,"Torkelson, Spencer",1201,20.4,0.308,0.269,0.419,0.577,0.401,0.376,0.285,16,52,92.2,17.9,2311,88.4,88.59,22,110,135,0.19999999999998863,6.31,106,153,122,148,297,329,295,"-1.6","1.6","71.306035918","7.48757551"
245,666139,"Lowe, Josh",1255,19.5,0.291,0.218,0.412,0.509,0.35,0.272,0.217,16,55,92.7,20.7,2286,90.2,90.24,49,133,112,0,6.4,117,146,118,151,293,321,301,"2.2","-2.2","70.787259922","7.087811473"
244,686469,"Pasquantino, Vinnie",2133,11.4,0.288,0.169,0.3,0.458,0.337,0.307,0.263,17,59,92.3,4.7,2231,88.9,89.13,17,128,116,0.19999999999998863,6.38,116,144,123,149,296,326,303,"-2.3","2.3","70.82119712","7.16190376"
244,680776,"Duran, Jarren",2443,10,0.356,0.441,0.333,0.797,0.504,0.428,0.316,21,59,91.1,11.1,2222,90.4,90.6,21,120,124,0.19999999999998863,6.41,119,148,105,150,281,321,309,"-8.9","8.9","74.096277647","7.525087983"
244,683011,"Volpe, Anthony",2399,10.2,0.3,0.08,0.349,0.38,0.311,0.288,0.265,15,50,91.4,6.5,2166,89.8,90.35,21,109,135,0.5,6.6,109,150,114,146,303,325,285,"0.7","-0.7","67.407602222","7.010050606"
244,687263,"Neto, Zach",1886,12.9,0.143,0.196,0.135,0.339,0.234,0.254,0.177,8,56,84.1,8.5,2235,88.3,88.41,37,120,124,0.10000000000000853,6.33,108,152,109,146,299,325,293,"4.2","-4.2","68.745834561","6.897658158"
243,682998,"Carroll, Corbin",2153,11.3,0.296,0.5,0.222,0.796,0.45,0.491,0.347,16,54,93.9,14.4,2266,89.8,89.91,21,96,147,0.10000000000000853,6.45,115,147,102,151,288,324,307,"-8.8","8.8","71.022052022","6.761006067"
243,514888,"Altuve, Jose",2083,11.7,0.281,0.211,0.31,0.491,0.363,0.306,0.227,16,57,86.3,7.4,2321,88.3,88.45,36,123,120,0.10000000000000853,6.5,108,151,105,147,296,326,292,"-1","1","66.646350855","7.615038034"
241,641857,"McMahon, Ryan",2350,10.3,0.232,0.071,0.286,0.304,0.262,0.322,0.279,13,56,90.6,11.9,2277,89,89.33,30,121,120,0.29999999999999716,6.2,115,146,122,151,299,336,310,"-0.2","0.2","70.127395417","7.071219583"
240,677594,"Rodríguez, Julio",1919,12.5,0.231,0.154,0.256,0.385,0.332,0.325,0.225,12,52,89.1,17.9,2288,88.6,88.88,32,110,130,0.30000000000001137,6.4,107,150,121,147,310,325,293,"-2","2","74.13609463","7.76253037"
240,667670,"Rooker, Brent",1948,12.3,0.264,0.264,0.286,0.528,0.376,0.401,0.278,14,53,90.3,27.9,2194,88.5,88.64,43,123,117,0.09999999999999432,6.39,108,151,124,147,307,325,298,"-3.8","3.8","72.223843279","7.065706803"
238,677951,"Witt Jr., Bobby",2187,10.9,0.281,0.328,0.271,0.609,0.397,0.446,0.337,18,64,95.9,12.8,2256,88.8,88.93,34,140,98,0.10000000000000853,6.36,105,150,123,147,307,327,296,"-5.5","5.5","73.417926222","7.052434222"
238,680977,"Donovan, Brendan",2088,11.4,0.232,0.179,0.22,0.411,0.3,0.364,0.306,13,56,86.2,18.7,2315,90.5,90.64,12,105,133,0.09999999999999432,6.31,115,146,111,152,293,321,302,"0.5","-0.5","69.734909223","6.840429126"
237,606115,"Arcia, Orlando",1956,12.1,0.212,0.269,0.184,0.481,0.338,0.285,0.196,11,52,85.2,14.4,2240,90.2,90.8,32,107,130,0.5999999999999943,6.63,105,148,117,144,304,325,292,"1.7","-1.7","70.213955943","7.975189717"
237,694192,"Chourio, Jackson",1684,14.1,0.298,0.263,0.333,0.561,0.388,0.377,0.303,17,57,91.2,9.9,2232,88.5,88.87,26,116,120,0.4000000000000057,6.47,107,150,118,148,299,322,295,"-5.8","5.8","69.234866106","7.193798761"
235,676694,"Meyers, Jake",1584,14.8,0.226,0.113,0.289,0.34,0.284,0.262,0.203,12,53,87.2,11.6,2354,88.6,88.85,27,112,123,0.20000000000000284,6.55,103,150,109,145,299,326,287,"2.6","-2.6","67.455145046","7.040821651"
235,683737,"Busch, Michael",2026,11.6,0.208,0.075,0.282,0.283,0.251,0.276,0.2,11,53,87.1,16,2195,88.5,88.7,28,109,126,0.20000000000000284,6.4,114,143,116,147,292,321,301,"1.7","-1.7","67.196084404","6.947181376"
235,650333,"Arraez, Luis",2085,11.3,0.328,0.086,0.316,0.414,0.346,0.325,0.304,19,58,85.1,14.1,2252,90.4,90.8,3,111,124,0.3999999999999915,6.56,118,148,113,151,284,319,301,"-1.9","1.9","61.514187593","5.793491481"
233,670623,"Paredes, Isaac",2419,9.6,0.167,0.083,0.189,0.25,0.253,0.277,0.196,8,48,81.8,26.1,2273,88.9,89.07,20,102,131,0.19999999999998863,6.38,110,151,122,144,302,321,293,"2.5","-2.5","67.059134747","7.860385455"
233,666624,"Morel, Christopher",2068,11.3,0.269,0.096,0.433,0.365,0.303,0.264,0.223,14,52,88.7,18.6,2337,89.8,89.72,42,109,124,-0.09999999999999432,6.35,108,152,123,146,301,323,296,"0.8","-0.8","72.387664771","7.875612477"
233,621493,"Ward, Taylor",2134,10.9,0.267,0.217,0.333,0.483,0.329,0.329,0.263,16,60,89.8,19.9,2334,88.9,88.86,28,115,118,0,6.26,110,153,122,147,307,325,292,"-0.4","0.4","67.331418585","7.054758679"
233,543760,"Semien, Marcus",2209,10.5,0.207,0.103,0.25,0.31,0.265,0.28,0.221,12,58,89.7,21.9,2265,89,89.35,27,116,117,0.4000000000000057,6.53,110,153,124,146,298,327,298,"1.5","-1.5","67.229811171","7.605637387"
232,647304,"Naylor, Josh",1892,12.3,0.193,0.158,0.184,0.351,0.274,0.294,0.219,11,57,88.5,14.9,2211,88.4,88.75,19,105,126,0.3999999999999915,6.53,115,146,127,151,294,325,297,"2.5","-2.5","71.254003235","7.496757451"
231,666149,"Fitzgerald, Tyler",1014,22.8,0.196,0.02,0.323,0.216,0.217,0.202,0.173,10,51,84.7,18,2296,89.4,89.48,36,108,123,0.09999999999999432,6.33,106,151,110,146,297,321,288,"3.8","-3.8","68.370600381","7.316622095"
231,444482,"Peralta, David",844,27.4,0.286,0.122,0.317,0.408,0.334,0.319,0.273,14,49,86.7,9.3,2314,89,89.32,38,121,110,0.29999999999999716,6.41,114,148,122,152,296,325,305,"0.3","-0.3","70.008772759","7.199886207"
231,671213,"Casas, Triston",614,37.6,0.273,0.145,0.394,0.418,0.335,0.341,0.257,15,55,89.3,9.1,2246,88.4,88.6,33,104,127,0.19999999999998863,6.48,119,149,130,152,282,323,309,"-0.5","0.5","70.70414","7.613561827"
230,593428,"Bogaerts, Xander",1421,16.2,0.255,0.127,0.267,0.382,0.298,0.298,0.239,14,55,89,8.9,2296,88.2,88.53,15,109,121,0.29999999999999716,6.56,112,151,125,147,306,326,298,"3.8","-3.8","68.848761132","7.056891132"
230,643217,"Benintendi, Andrew",1651,13.9,0.261,0.196,0.313,0.457,0.373,0.351,0.234,12,46,84.3,16,2238,89.5,89.81,28,102,128,0.29999999999999716,6.51,116,147,110,151,282,320,301,"-3","3","66.70845098","6.807190882"
229,592450,"Judge, Aaron",2429,9.4,0.3,0.54,0.226,0.84,0.503,0.489,0.323,15,50,94.3,23.4,2221,89.4,89.94,23,100,129,0.5,6.61,109,152,128,145,307,335,293,"-6","6","75.709306556","8.116988111"
229,668804,"Reynolds, Bryan",2201,10.4,0.259,0.13,0.333,0.389,0.314,0.34,0.266,14,54,92,14.5,2200,88.2,88.56,44,129,100,0.3999999999999915,6.49,116,148,123,151,301,323,299,"-0.1","0.1","69.923966508","6.839817857"
229,606192,"Hernández, Teoscar",2276,10.1,0.204,0.163,0.276,0.367,0.284,0.3,0.214,10,49,87.4,3.3,2369,89.4,89.87,37,114,115,0.5,6.52,107,152,121,147,306,323,298,"0.3","-0.3","69.584096991","7.615325487"
228,621020,"Swanson, Dansby",1944,11.7,0.213,0.255,0.233,0.468,0.344,0.364,0.256,10,47,87.8,7,2282,88.9,89.22,33,103,125,0.29999999999999716,6.47,110,148,119,143,305,321,287,"-4","4","70.672278529","7.366069706"
227,687462,"Horwitz, Spencer",1217,18.7,0.275,0.235,0.275,0.51,0.375,0.36,0.269,14,51,91.2,10.2,2120,89.2,89.35,25,104,123,0.20000000000000284,6.35,118,148,121,153,287,323,300,"-1.9","1.9","68.722347423","6.919617216"
227,678009,"Meadows, Parker",796,28.5,0.32,0.22,0.357,0.54,0.387,0.339,0.294,16,50,88.7,14.7,2188,88.7,88.83,18,99,128,0.09999999999999432,6.31,115,147,111,152,290,328,297,"-1.4","1.4","67.964719425","6.880113908"
227,680718,"Barger, Addison",627,36.2,0.278,0.296,0.262,0.574,0.363,0.401,0.328,15,54,91.3,7.6,2208,87,87.01,24,113,114,0,6.28,115,146,120,152,286,324,299,"-0.7","0.7","72.182233125","7.414764732"
226,668227,"Arozarena, Randy",2295,9.8,0.204,0.163,0.267,0.367,0.315,0.32,0.208,10,49,90,14.3,2216,90.3,90.66,23,89,137,0.4000000000000057,6.46,108,151,122,147,307,322,292,"0.6","-0.6","69.376718315","7.106945506"
226,677588,"Tena, José",277,81.6,0.367,0.163,0.432,0.531,0.404,0.43,0.343,18,49,89.3,2.4,2266,87.7,87.79,16,107,119,0.09999999999999432,6.35,114,148,107,151,291,322,299,"-4","4","69.008364808","6.739750865"
226,657656,"Laureano, Ramón",865,26.1,0.328,0.207,0.421,0.534,0.384,0.327,0.251,19,58,91.6,12.9,2277,89.4,89.95,39,126,100,0.5999999999999943,6.62,108,151,119,147,305,324,292,"-4.7","4.7","70.474081681","6.974401261"
225,607043,"Nimmo, Brandon",2327,9.7,0.275,0.196,0.286,0.471,0.355,0.368,0.297,14,51,91.3,8.5,2213,88.6,88.7,20,100,125,0.10000000000000853,6.38,113,146,113,151,289,325,305,"-2.3","2.3","72.133358586","7.272893838"
224,665926,"Giménez, Andrés",2028,11,0.2,0.055,0.244,0.255,0.243,0.262,0.191,11,55,86,5.4,2273,89.3,89.84,35,122,102,0.5,6.56,114,146,104,152,286,318,292,"2.7","-2.7","66.187094153","6.918649746"
224,641355,"Bellinger, Cody",1664,13.5,0.2,0.2,0.185,0.4,0.279,0.319,0.264,12,60,88.8,15.5,2176,88.9,89.15,19,107,117,0.19999999999998863,6.41,120,146,120,151,292,321,302,"-1.3","1.3","64.976104466","7.465387864"
224,547180,"Harper, Bryce",2040,11,0.25,0.115,0.333,0.365,0.308,0.317,0.273,13,52,90.7,12.5,2292,88.6,89.05,30,129,95,0.5,6.54,114,146,132,151,296,324,304,"0.9","-0.9","71.656238889","7.124172857"
223,666969,"García, Adolis",2087,10.7,0.17,0.113,0.229,0.283,0.202,0.268,0.195,9,53,89.1,20,2291,89.1,89.33,45,125,98,0.20000000000000284,6.47,103,152,125,146,303,329,298,"4.1","-4.1","69.672715447","7.700403252"
223,701538,"Merrill, Jackson",1893,11.8,0.298,0.246,0.304,0.544,0.372,0.468,0.363,17,57,92.5,18.7,2292,90.1,90.36,26,133,90,0.30000000000001137,6.45,116,145,114,150,297,326,307,"-2.2","2.2","70.36039458","7.364998626"
223,502110,"Martinez, J.D.",1792,12.4,0.231,0.269,0.286,0.5,0.321,0.325,0.252,12,52,93.8,11.3,2351,89.1,89.18,37,111,112,0.10000000000000853,6.4,110,151,125,147,306,329,299,"-0.9","0.9","72.710866981","8.468771792"
222,690993,"Keith, Colt",1712,13,0.321,0.113,0.444,0.434,0.345,0.305,0.288,17,53,87.9,4,2238,88.5,88.71,29,103,119,0.20000000000000284,6.31,112,145,119,152,292,328,298,"-2.7","2.7","68.586036495","6.299893814"
222,650489,"Castro, Willi",2178,10.2,0.239,0.109,0.303,0.348,0.305,0.301,0.21,11,46,85.8,14.2,2174,89.2,89.42,32,111,111,0.20000000000000284,6.44,117,147,109,150,291,319,296,"-0.5","0.5","68.655246147","6.942308899"
222,665161,"Peña, Jeremy",1964,11.3,0.228,0.193,0.244,0.421,0.278,0.328,0.263,13,57,88.1,2.3,2339,88.8,88.98,40,125,97,0.20000000000000284,6.55,104,149,109,145,298,326,289,"5.9","-5.9","70.534058992","7.566527983"
222,663898,"Rodgers, Brendan",1798,12.3,0.268,0.232,0.297,0.5,0.339,0.323,0.237,15,56,88.6,6.9,2310,89.3,89.78,27,111,111,0.5,6.41,109,151,123,148,309,329,290,"0.4","-0.4","71.165465888","7.051126168"
221,678662,"Tovar, Ezequiel",2150,10.3,0.264,0.245,0.353,0.509,0.333,0.297,0.24,14,53,92.4,21.4,2255,87.8,88.29,40,131,90,0.5,6.33,105,148,115,145,306,331,295,"-0.4","0.4","72.158134651","7.482922093"
221,669394,"Burger, Jake",1716,12.9,0.207,0.19,0.25,0.397,0.303,0.339,0.246,12,58,88.7,15.3,2228,88.5,88.87,33,108,113,0.4000000000000057,6.45,112,152,129,148,311,327,298,"-0.3","0.3","72.565534381","7.516598762"
220,681351,"O'Hoppe, Logan",1712,12.9,0.125,0.083,0.238,0.208,0.164,0.276,0.207,6,48,91.9,17.8,2243,89.1,89.23,51,123,97,0.10000000000000853,6.38,110,152,121,145,300,325,293,"5.4","-5.4","64.978167797","7.072180678"
220,668709,"Bleday, JJ",2121,10.4,0.245,0.34,0.242,0.585,0.377,0.273,0.184,13,53,91.2,24.6,2197,89.1,89.11,33,111,109,0,6.29,117,145,116,152,295,324,299,"-5","5","67.806141667","7.256184537"
220,676475,"Burleson, Alec",1782,12.3,0.333,0.118,0.372,0.451,0.381,0.307,0.246,17,51,88.8,9.5,2346,90.3,90.61,22,112,108,0.29999999999999716,6.43,115,146,118,151,297,326,305,"-2","2","70.447970541","7.530921441"
220,662139,"Varsho, Daulton",1937,11.4,0.283,0.189,0.361,0.472,0.347,0.296,0.228,15,53,86.2,16.8,2232,88.8,88.81,31,120,100,0,6.31,114,146,108,152,286,326,300,"1.2","-1.2","72.606800948","7.595500172"
219,663538,"Hoerner, Nico",2004,10.9,0.275,0.098,0.333,0.373,0.322,0.304,0.268,14,51,82.5,13.6,2253,90.4,90.9,14,100,119,0.5,6.55,109,149,112,146,304,317,283,"-1.1","1.1","66.102522887","6.97352567"
219,656305,"Chapman, Matt",2402,9.1,0.255,0.17,0.303,0.426,0.308,0.291,0.232,12,47,94.2,8.1,2285,90.8,90.96,24,96,123,0.20000000000000284,6.36,109,153,123,148,303,324,292,"0.8","-0.8","74.72241617","7.370144362"
218,663993,"Lowe, Nathaniel",1937,11.3,0.245,0.082,0.324,0.327,0.296,0.283,0.218,12,49,87.4,20.1,2315,89.4,89.63,24,94,124,0.19999999999998863,6.41,114,148,126,152,293,326,306,"1.5","-1.5","72.043282065","7.238271957"
217,646240,"Devers, Rafael",2078,10.4,0.208,0.229,0.226,0.438,0.304,0.35,0.264,10,48,94.2,16.3,2247,91.2,91.51,31,113,104,0.29999999999999716,6.49,112,147,131,152,286,328,309,"-0.9","0.9","69.70411055","7.426536147"
217,467793,"Santana, Carlos",2032,10.7,0.205,0.182,0.212,0.386,0.31,0.364,0.27,9,44,89.1,15.8,2179,89.2,89.48,19,87,130,0.29999999999999716,6.45,118,147,124,151,296,323,297,"-0.6","0.6","71.815371111","7.601377901"
216,593871,"Polanco, Jorge",1615,13.4,0.196,0.174,0.269,0.37,0.299,0.309,0.208,9,46,87.4,14,2210,88.6,88.83,24,94,122,0.20000000000000284,6.38,108,148,110,150,296,320,293,"-2.5","2.5","65.915096129","6.985912473"
216,691406,"Caminero, Junior",254,85,0.268,0.232,0.3,0.5,0.348,0.327,0.251,15,56,91,0.4,2268,89.5,89.67,27,98,118,0.20000000000000284,6.44,108,151,124,147,303,321,291,"1.5","-1.5","75.396761809","8.28184117"
215,666176,"Adell, Jo",1774,12.1,0.275,0.235,0.343,0.51,0.35,0.327,0.284,14,51,91.3,13.2,2179,89.2,89.36,34,111,104,0.20000000000000284,6.36,110,153,122,147,303,324,292,"-3.2","3.2","74.555449279","7.507467928"
215,694384,"Schanuel, Nolan",2031,10.6,0.298,0.106,0.368,0.404,0.34,0.294,0.248,14,47,83.3,12.3,2255,89.8,89.79,10,90,125,0,6.27,120,147,116,151,284,323,300,"-0.1","0.1","60.977113068","6.20964625"
215,681082,"Stott, Bryson",1935,11.1,0.31,0.167,0.344,0.476,0.373,0.315,0.249,13,42,90.2,14.2,2250,89.1,89.53,18,87,128,0.4000000000000057,6.49,116,148,109,152,287,319,303,"-0.7","0.7","65.769092073","7.201581341"
214,663837,"Vierling, Matt",1932,11.1,0.283,0.152,0.308,0.435,0.358,0.329,0.265,13,46,90.2,13.2,2237,88.5,88.67,10,73,141,0.20000000000000284,6.32,106,151,116,147,299,330,288,"-2.1","2.1","70.161195313","7.481533125"
214,502671,"Goldschmidt, Paul",2328,9.2,0.333,0.208,0.412,0.542,0.392,0.308,0.259,16,48,91.8,8.3,2334,89.9,90.43,32,107,107,0.5,6.55,107,148,123,145,306,329,297,"-1.1","1.1","71.36557","7.634084906"
214,666158,"Lux, Gavin",1650,13,0.283,0.304,0.323,0.587,0.391,0.372,0.301,13,46,92.4,5.9,2298,89.2,89.66,25,103,111,0.5,6.53,112,144,115,151,291,320,304,"-2.1","2.1","69.943771667","7.348139412"
214,687401,"Ortiz, Joey",1725,12.4,0.159,0.159,0.207,0.318,0.253,0.245,0.154,7,44,89.2,18.2,2264,89.3,89.54,20,76,138,0.20000000000000284,6.38,108,150,118,148,302,319,293,"3.4","-3.4","68.805598026","7.537903026"
212,664040,"Lowe, Brandon",1306,16.2,0.241,0.204,0.344,0.444,0.318,0.3,0.238,13,54,91.8,13,2254,90,89.93,45,135,77,-0.09999999999999432,6.33,115,145,116,152,295,322,300,"0.1","-0.1","70.358542266","6.947858359"
212,686668,"Doyle, Brenton",1918,11.1,0.333,0.25,0.4,0.583,0.426,0.403,0.322,16,48,88.3,9.1,2306,89.1,89.66,29,106,106,0.6000000000000085,6.4,109,151,120,148,305,330,296,"-2.9","2.9","69.535759515","7.40636466"
211,670242,"Wallner, Matt",703,30,0.244,0.289,0.32,0.533,0.383,0.349,0.224,11,45,91.6,16,2211,89.6,89.92,37,104,107,0.30000000000001137,6.48,109,144,128,152,295,327,303,"0","0","74.7770983","7.2287501"
211,656555,"Hoskins, Rhys",1873,11.3,0.106,0.128,0.107,0.234,0.192,0.309,0.209,5,47,91.7,21.9,2278,89.1,89.45,26,93,118,0.30000000000001137,6.5,106,151,125,146,300,322,300,"3.8","-3.8","69.742636023","8.050563523"
210,672386,"Kirk, Alejandro",1204,17.4,0.245,0.184,0.233,0.429,0.33,0.32,0.24,12,49,87.4,5.8,2208,88.2,88.37,14,110,100,0.20000000000000284,6.32,110,151,122,149,298,324,288,"-1.5","1.5","68.634696","6.856995619"
210,682985,"Greene, Riley",1966,10.7,0.205,0.182,0.292,0.386,0.295,0.336,0.245,9,44,89.9,14.4,2190,88,88.06,29,98,112,0.09999999999999432,6.25,115,147,118,151,293,329,301,"0.8","-0.8","73.167589647","7.232710588"
210,657757,"Sheets, Gavin",1811,11.6,0.286,0,0.412,0.286,0.277,0.274,0.243,14,49,84,4.5,2237,87.5,87.96,29,96,114,0.5,6.59,120,147,122,151,287,322,300,"3.5","-3.5","68.93822234","7.609647447"
210,453568,"Blackmon, Charlie",1624,12.9,0.217,0.174,0.222,0.391,0.307,0.336,0.257,10,46,85.9,11.8,2180,88.8,89.16,18,87,123,0.4000000000000057,6.29,118,146,119,151,293,329,302,"0.9","-0.9","66.068362558","7.020059651"
209,690291,"Jung, Jace",209,100,0.222,0.044,0.345,0.267,0.277,0.289,0.217,10,45,86.1,12.2,2266,88.9,88.99,25,95,114,0.09999999999999432,6.27,117,147,118,153,288,327,299,"2.6","-2.6","68.28237092","7.262604713"
209,665489,"Guerrero Jr., Vladimir",2216,9.4,0.333,0.193,0.34,0.526,0.393,0.394,0.329,19,57,93.2,4.9,2257,89.6,89.8,21,98,111,0.20000000000000284,6.39,108,150,124,147,300,331,295,"-5.2","5.2","75.501635052","7.854229588"
208,669289,"Espinal, Santiago",1165,17.9,0.347,0.143,0.39,0.49,0.385,0.407,0.373,17,49,88.8,12.9,2286,90,90.33,15,92,116,0.29999999999999716,6.51,106,149,114,147,302,317,285,"-4.4","4.4","64.476171839","7.18165046"
208,673237,"Diaz, Yainer",1766,11.8,0.306,0.194,0.341,0.5,0.35,0.36,0.307,19,62,90.2,6.6,2381,88.5,88.7,27,122,86,0.20000000000000284,6.55,104,151,122,147,301,327,290,"-0.6","0.6","70.898890909","7.20016"
207,681481,"Carpenter, Kerry",862,24,0.286,0.238,0.375,0.524,0.387,0.361,0.256,12,42,92.6,14.7,2265,88.5,88.45,37,100,107,0,6.21,117,144,121,151,291,331,300,"-5.1","5.1","66.260198022","7.234512527"
207,702616,"Holliday, Jackson",564,36.7,0.2,0.1,0.313,0.3,0.248,0.197,0.156,10,50,87.4,7.6,2287,88.8,89.22,36,94,113,0.4000000000000057,6.53,116,146,112,150,293,324,305,"0.8","-0.8","68.282667174","7.067773696"
204,664034,"France, Ty",1706,12,0.289,0.089,0.351,0.378,0.323,0.3,0.225,13,45,89.9,17.1,2275,90.8,91.12,22,109,95,0.29999999999999716,6.53,105,149,122,145,301,318,287,"1.6","-1.6","70.133581481","7.513771759"
204,666023,"Fermin, Freddy",1238,16.5,0.25,0.083,0.308,0.333,0.272,0.245,0.225,12,48,85,10.5,2241,87.8,87.94,25,105,99,0.10000000000000853,6.35,106,151,116,147,301,322,290,"1.2","-1.2","69.246199515","7.417778447"
203,665953,"Chaparro, Andrés",254,79.9,0.234,0.213,0.265,0.447,0.311,0.264,0.214,11,47,87.7,20.7,2232,87.6,87.74,37,112,91,0.10000000000000853,6.39,106,152,124,147,302,326,290,"1.8","-1.8","69.758568036","7.029983929"
203,669127,"Langeliers, Shea",1613,12.6,0.174,0.087,0.226,0.261,0.217,0.21,0.158,8,46,92.1,22.5,2247,89.7,89.73,21,89,114,0,6.34,111,152,126,146,306,324,295,"4.1","-4.1","72.606937191","7.306962472"
203,664983,"McCarthy, Jake",1428,14.2,0.237,0.119,0.245,0.356,0.292,0.299,0.248,14,59,82.8,2.5,2235,89.9,90.1,20,107,96,0.19999999999998863,6.45,112,146,100,151,284,323,306,"-0.4","0.4","65.136490833","6.563112188"
203,519317,"Stanton, Giancarlo",1501,13.5,0.222,0.244,0.269,0.467,0.33,0.409,0.288,10,45,95,15.1,2150,89.7,90.2,29,94,109,0.5,6.62,110,153,129,146,304,333,292,"-3.5","3.5","78.028015","8.369668182"
202,650490,"Díaz, Yandy",2124,9.5,0.333,0.188,0.341,0.521,0.383,0.344,0.282,16,48,93.2,9.1,2216,90.3,90.42,8,77,125,0.10000000000000853,6.43,110,150,124,148,310,323,294,"-1.9","1.9","72.064898289","7.429299079"
202,666971,"Gurriel Jr., Lourdes",1967,10.3,0.34,0.277,0.351,0.617,0.435,0.401,0.315,16,47,90.9,15.3,2265,89.4,89.71,20,100,102,0.29999999999999716,6.52,108,152,123,148,299,325,294,"-4.9","4.9","69.277189592","7.451755918"
202,672580,"Garcia, Maikel",2086,9.7,0.277,0.106,0.3,0.383,0.304,0.344,0.297,13,47,90.3,5,2274,89,89.06,12,78,124,0.09999999999999432,6.34,105,150,109,148,304,324,291,"0.4","-0.4","67.738723333","6.953192533"
200,602104,"Urías, Ramón",1060,18.9,0.341,0.364,0.355,0.705,0.469,0.464,0.308,15,44,90.2,17,2246,89.1,89.34,26,103,97,0.20000000000000284,6.48,106,151,120,146,308,324,289,"-11","11","68.638118586","7.469858485"
198,691718,"Crow-Armstrong, Pete",1088,18.2,0.348,0.261,0.382,0.609,0.431,0.349,0.257,16,46,86.8,25.9,2182,87.9,88.04,26,102,96,0.09999999999999432,6.33,108,144,95,148,288,319,299,"-8.2","8.2","66.6505936","6.9792372"
197,553993,"Suárez, Eugenio",2093,9.4,0.25,0.196,0.268,0.446,0.299,0.281,0.227,14,56,91.2,20.5,2272,89.8,89.94,28,104,93,0.10000000000000853,6.43,106,151,124,146,298,325,296,"-0.9","0.9","71.171069029","7.828706505"
197,605170,"Caratini, Victor",729,27,0.286,0.024,0.387,0.31,0.314,0.299,0.236,12,42,90.8,3.3,2269,88.3,88.4,28,85,112,0.10000000000000853,6.4,112,147,125,150,294,326,294,"0.1","-0.1","69.481984578","6.976691687"
196,671732,"Butler, Lawrence",1412,13.9,0.346,0.481,0.262,0.827,0.479,0.442,0.334,18,52,93.5,11.4,2215,89.5,89.63,14,95,101,0.09999999999999432,6.36,117,145,115,151,297,323,303,"-4.8","4.8","72.193701277","6.977008191"
196,682928,"Abrams, CJ",2072,9.5,0.18,0.08,0.242,0.26,0.227,0.252,0.193,9,50,86,9,2201,87.3,87.3,29,108,88,0,6.28,114,148,112,151,293,323,299,"6.5","-6.5","69.398705849","7.52821283"
196,663886,"Stephenson, Tyler",1573,12.5,0.391,0.239,0.533,0.63,0.465,0.351,0.277,18,46,90.2,10.6,2254,90,90.37,18,83,112,0.4000000000000057,6.57,109,148,121,145,306,322,291,"-6.9","6.9","70.084726707","7.422630122"
196,656537,"Hill, Derek",518,37.8,0.226,0.208,0.257,0.434,0.287,0.349,0.3,12,53,87.3,4.5,2245,87.8,88.18,32,104,92,0.4000000000000057,6.51,109,151,115,148,307,322,290,"1.1","-1.1","68.559368182","7.172674646"
196,663457,"Nootbaar, Lars",1295,15.1,0.265,0.163,0.279,0.429,0.324,0.405,0.32,13,49,93.3,7.3,2325,90.1,90.49,12,88,108,0.4000000000000057,6.45,114,147,116,152,299,327,305,"-0.9","0.9","70.614601529","6.596561294"
195,605137,"Bell, Josh",2036,9.6,0.267,0,0.324,0.267,0.289,0.313,0.255,12,45,85.5,1.1,2209,90.3,90.58,19,84,111,0.29999999999999716,6.5,111,148,127,150,295,328,302,"-2.1","2.1","67.929577952","7.676061566"
194,687529,"McCray, Grant",219,88.6,0.238,0.214,0.421,0.452,0.31,0.278,0.211,10,42,89.4,11.5,2243,90.1,90.23,44,93,101,0.10000000000000853,6.35,108,147,103,150,290,319,298,"1.3","-1.3","70.108413696","7.052802065"
194,672820,"Sosa, Lenyn",1048,18.5,0.216,0.02,0.262,0.235,0.197,0.279,0.27,11,51,89.1,15.6,2232,89.9,90.17,16,109,85,0.29999999999999716,6.48,106,151,118,147,300,318,284,"5","-5","70.889218426","7.274199815"
194,680869,"Gelof, Zack",1693,11.5,0.229,0.104,0.313,0.333,0.258,0.254,0.195,11,48,86.1,13.1,2231,88.8,89.12,34,95,99,0.29999999999999716,6.5,103,151,116,145,306,322,299,"4.2","-4.2","70.988293053","7.244778"
193,457759,"Turner, Justin",1918,10.1,0.262,0.143,0.265,0.405,0.323,0.324,0.26,11,42,88.9,18.1,2224,90.7,90.9,12,92,101,0.20000000000000284,6.41,104,150,121,147,307,320,288,"1.7","-1.7","63.105463444","6.163225556"
193,669016,"Marsh, Brandon",1703,11.3,0.316,0.316,0.474,0.632,0.423,0.389,0.249,12,38,94.6,18.7,2326,88.7,88.96,30,81,112,0.29999999999999716,6.4,119,147,114,151,291,321,302,"-3.1","3.1","70.250342963","7.24445037"
192,669707,"Triolo, Jared",1389,13.8,0.256,0.231,0.276,0.487,0.39,0.342,0.208,10,39,88.9,25.9,2301,89.4,89.61,16,80,112,0.19999999999998863,6.41,111,152,118,149,306,321,292,"-3.5","3.5","68.579953924","7.659927342"
192,668939,"Rutschman, Adley",2155,8.9,0.163,0.093,0.162,0.256,0.227,0.301,0.25,7,43,85.7,20.9,2280,89.8,90.24,16,79,113,0.4000000000000057,6.49,117,149,125,151,300,325,298,"3.4","-3.4","66.618180135","6.998970135"
192,608369,"Seager, Corey",1844,10.4,0.283,0.302,0.297,0.585,0.377,0.36,0.265,15,53,89,13.5,2190,88.4,88.8,21,107,85,0.3999999999999915,6.53,114,146,134,151,298,330,308,"-3.3","3.3","69.763185981","6.506171121"
192,657557,"DeJong, Paul",1682,11.4,0.239,0.304,0.368,0.543,0.357,0.302,0.199,11,46,90,11.3,2225,88.9,89.07,52,109,83,0.19999999999998863,6.37,105,151,122,147,300,325,299,"-2.8","2.8","71.399470185","7.017670833"
191,676391,"Clement, Ernie",1167,16.4,0.185,0.222,0.179,0.407,0.272,0.249,0.197,10,54,84.3,20,2235,89.3,89.27,25,109,82,0,6.3,106,152,114,148,294,319,288,"0.9","-0.9","63.903354299","6.773804953"
191,671218,"Ramos, Heliot",1641,11.6,0.229,0.25,0.276,0.479,0.329,0.364,0.233,11,48,90.2,15.5,2326,90.3,90.39,28,84,107,0.10000000000000853,6.36,106,150,122,146,303,322,288,"-1.5","1.5","74.289686024","6.926007711"
190,695238,"Wagner, Will",239,79.5,0.341,0.205,0.361,0.545,0.392,0.357,0.32,15,44,90.3,2.1,2217,90.2,90.42,16,89,101,0.20000000000000284,6.35,116,147,112,152,285,322,298,"-4","4","66.657665114","6.236620341"
190,657077,"Verdugo, Alex",2091,9.1,0.191,0.085,0.211,0.277,0.235,0.286,0.239,9,47,87.8,5.5,2179,90,90.51,17,87,103,0.5,6.6,120,147,114,151,290,327,298,"5.1","-5.1","66.482827711","6.136853012"
189,686217,"Frelick, Sal",1749,10.8,0.326,0.116,0.35,0.442,0.345,0.301,0.298,14,43,79.9,17.5,2217,88.7,89.23,5,84,105,0.5,6.58,115,145,100,151,288,315,301,"-0.5","0.5","63.60326122","6.720936463"
189,592626,"Pederson, Joc",1593,11.9,0.265,0.206,0.318,0.471,0.425,0.434,0.25,9,34,93.5,19.1,2333,89.2,89.16,18,72,117,0,6.27,117,146,120,152,288,325,310,"-5.6","5.6","70.580676232","7.659913043"
189,641933,"O'Neill, Tyler",1630,11.6,0.146,0.22,0.176,0.366,0.256,0.28,0.179,6,41,87.6,14.6,2229,89,89.41,30,85,104,0.4000000000000057,6.5,110,153,122,146,290,324,299,"2.5","-2.5","74.002126707","7.612499634"
189,669003,"Mitchell, Garrett",632,29.9,0.333,0.282,0.458,0.615,0.433,0.306,0.226,13,39,86.8,4.9,2226,89.1,89.38,19,83,106,0.30000000000001137,6.42,112,142,104,150,291,319,303,"-2","2","72.135453659","7.104093415"
188,592206,"Castellanos, Nick",1976,9.5,0.25,0.179,0.275,0.429,0.309,0.337,0.282,14,56,88.5,15.2,2335,87.9,88.31,35,104,84,0.3999999999999915,6.52,109,152,122,148,304,320,290,"-3.2","3.2","69.402534796","7.43556602"
187,807799,"Yoshida, Masataka",1320,14.2,0.348,0.196,0.35,0.543,0.4,0.364,0.338,16,46,88.4,7.6,2223,90.1,90.24,7,88,99,0.10000000000000853,6.41,118,149,130,152,280,319,308,"-6.5","6.5","69.464499205","6.992389545"
187,650559,"De La Cruz, Bryan",2119,8.8,0.239,0.152,0.294,0.391,0.28,0.325,0.275,11,46,91.1,18.9,2336,88.5,88.7,23,90,97,0.20000000000000284,6.43,111,151,122,146,307,321,293,"-1","1","70.087493295","7.704956364"
187,696285,"Young, Jacob",1636,11.4,0.319,0.17,0.368,0.489,0.359,0.338,0.333,15,47,84.3,0.4,2229,88.2,88.49,11,87,100,0.29999999999999716,6.47,102,145,102,145,302,319,284,"-1.6","1.6","60.259264","6.23848625"
187,678877,"Noel, Jhonkensy",520,36,0.268,0.341,0.333,0.61,0.427,0.386,0.236,11,41,89,25.7,2260,88.4,88.63,32,83,104,0.19999999999998863,6.47,110,151,124,147,300,325,292,"-4.1","4.1","75.040179398","7.703970843"
187,673357,"Robert Jr., Luis",1287,14.5,0.31,0.121,0.39,0.431,0.332,0.319,0.286,18,58,88.9,11.6,2265,90.4,90.67,43,118,69,0.29999999999999716,6.46,108,152,123,147,297,325,295,"1.1","-1.1","72.704657966","7.749003305"
187,573262,"Yastrzemski, Mike",1619,11.6,0.205,0.205,0.2,0.41,0.309,0.285,0.204,8,39,85.9,15.8,2233,90,90.27,19,86,101,0.29999999999999716,6.38,117,146,112,151,294,320,297,"0.3","-0.3","68.508132588","7.303494"
186,676609,"Caballero, José",1600,11.6,0.167,0.146,0.212,0.313,0.231,0.218,0.185,8,48,81.3,20.4,2309,88.7,88.85,28,104,82,0.09999999999999432,6.5,100,148,106,143,294,318,290,"0.2","-0.2","68.366918454","7.020148763"
185,663728,"Raleigh, Cal",2052,9,0.14,0.08,0.171,0.22,0.194,0.252,0.185,7,50,87.6,30.1,2221,88.7,88.86,34,111,74,0.20000000000000284,6.34,108,144,121,148,302,322,296,"5.6","-5.6","71.673849358","7.709223945"
183,666134,"Jones, Nolan",1024,17.9,0.27,0.108,0.333,0.378,0.311,0.307,0.259,10,37,85.9,3.2,2245,90.6,90.95,14,78,105,0.30000000000001137,6.35,116,147,125,150,296,333,307,"-0.9","0.9","67.0624948","6.4742604"
183,668904,"Lewis, Royce",855,21.4,0.196,0.043,0.281,0.239,0.177,0.219,0.203,9,46,87,12.8,2214,89.4,89.69,32,105,78,0.29999999999999716,6.46,108,150,121,145,301,326,299,"6.5","-6.5","70.000296408","7.611852621"
183,681393,"Norby, Connor",313,58.5,0.313,0.313,0.375,0.625,0.422,0.291,0.204,15,48,82.8,12.5,2274,87.2,87.39,37,101,82,0.20000000000000284,6.35,111,152,125,148,306,323,292,"-2.6","2.6","68.860081895","7.048271684"
182,687363,"Scott II, Victor",518,35.1,0.25,0.136,0.323,0.386,0.307,0.294,0.246,11,44,84.5,10.4,2337,90.6,90.85,25,95,87,0.30000000000001137,6.37,105,145,102,150,288,318,296,"1.2","-1.2","64.513015699","6.540812688"
182,669004,"Melendez, MJ",1571,11.6,0.304,0.261,0.314,0.565,0.388,0.357,0.289,14,46,91.7,17.9,2208,89.7,90,23,93,89,0.29999999999999716,6.45,114,147,122,152,297,326,307,"-0.6","0.6","70.764522717","7.615774457"
182,624424,"Conforto, Michael",1647,11.1,0.186,0.256,0.185,0.442,0.281,0.379,0.288,8,43,91.9,15.1,2223,90.5,90.59,17,81,101,0.09999999999999432,6.34,113,147,121,151,293,321,297,"2.2","-2.2","73.07053525","7.19946625"
181,660821,"Sánchez, Jesús",1619,11.2,0.238,0.19,0.276,0.429,0.326,0.395,0.301,10,42,89.2,9.6,2138,89.7,89.92,30,94,87,0.20000000000000284,6.36,115,148,122,151,296,328,306,"0.8","-0.8","72.51131337","6.824957935"
181,682626,"Alvarez, Francisco",1065,17,0.119,0.071,0.154,0.19,0.17,0.227,0.17,5,42,85.5,4.1,2329,89.1,89.32,23,71,110,0.20000000000000284,6.5,108,152,125,147,301,328,298,"2.7","-2.7","70.824218507","7.102012537"
181,543685,"Rendon, Anthony",903,20,0.194,0.083,0.226,0.278,0.295,0.318,0.217,7,36,88.7,11.3,2250,89.5,89.7,10,74,107,0.20000000000000284,6.39,108,151,121,146,302,323,287,"-0.2","0.2","67.454874028","6.809399167"
181,669257,"Smith, Will",1939,9.3,0.189,0.108,0.207,0.297,0.28,0.372,0.246,7,37,88.1,12.5,2318,90.5,90.88,17,82,99,0.4000000000000057,6.49,109,152,122,148,306,321,295,"1.1","-1.1","65.1294635","7.004281125"
180,664774,"Wade Jr., LaMonte",1342,13.4,0.182,0.152,0.227,0.333,0.3,0.294,0.157,6,33,86.3,16.9,2307,90.2,90.24,17,76,104,0,6.26,115,146,114,149,293,322,296,"-0.3","0.3","70.714278026","6.647965526"
180,678246,"Vargas, Miguel",733,24.6,0.091,0.061,0.115,0.152,0.19,0.264,0.161,3,33,81.4,15.1,2264,89.2,89.53,21,91,89,0.29999999999999716,6.54,107,151,120,146,297,320,288,"5.8","-5.8","67.230296222","7.535498444"
179,678882,"Rafaela, Ceddanne",1797,10,0.176,0.137,0.216,0.314,0.207,0.265,0.219,9,51,86.7,20.6,2316,89.4,89.67,38,120,58,0.29999999999999716,6.49,107,150,105,145,291,319,292,"2.3","-2.3","68.799193644","7.614347712"
178,670541,"Alvarez, Yordan",1941,9.2,0.383,0.213,0.395,0.596,0.446,0.453,0.366,18,47,93.5,10.9,2416,88,88.04,17,96,82,0,6.44,115,146,134,151,295,328,298,"-4.6","4.6","75.913968854","7.585725313"
178,666185,"Carlson, Dylan",905,19.7,0.2,0.114,0.273,0.314,0.269,0.283,0.209,7,35,91.9,9.9,2276,90.4,90.37,21,80,98,0,6.31,110,143,116,149,294,319,295,"0.5","-0.5","64.668863867","6.8140836"
177,664761,"Bohm, Alec",1943,9.1,0.222,0.022,0.25,0.244,0.225,0.249,0.226,10,45,87,6.3,2315,89,89.57,17,99,78,0.5999999999999943,6.55,107,149,121,147,306,321,286,"3.7","-3.7","69.696133158","7.219863263"
177,686676,"Lee, Korey",1256,14.1,0.2,0.067,0.29,0.267,0.212,0.219,0.205,9,45,89.9,18.7,2285,88.8,89.08,35,111,66,0.29999999999999716,6.53,106,150,120,147,300,321,285,"2.6","-2.6","68.989811481","7.015695648"
175,669065,"Stowers, Kyle",510,34.3,0.31,0.167,0.429,0.476,0.366,0.323,0.264,13,42,90.6,16.7,2168,89.7,90.01,22,90,85,0.29999999999999716,6.38,117,147,118,152,292,322,302,"-2.9","2.9","72.427014333","6.742356444"
173,656775,"Mullins, Cedric",1547,11.2,0.207,0,0.25,0.207,0.303,0.319,0.209,6,29,79.8,18.3,2283,89.7,90,12,70,103,0.29999999999999716,6.43,116,145,101,150,295,322,297,"-0.5","0.5","67.130063768","7.287654203"
172,666150,"Fletcher, Dominic",616,27.9,0.245,0.041,0.316,0.286,0.249,0.272,0.262,12,49,82.2,11.1,2191,89.9,90.22,18,92,80,0.29999999999999716,6.51,112,147,104,151,277,316,301,"5.1","-5.1","64.911633889","6.398308222"
172,665750,"Taveras, Leody",1721,10,0.205,0.045,0.281,0.25,0.197,0.21,0.213,9,44,86.8,10.6,2231,88.9,89.09,29,102,70,0.19999999999998863,6.44,115,146,108,150,291,323,303,"4.4","-4.4","67.9219301","7.4672531"
171,592663,"Realmuto, J.T.",1315,13,0.326,0.302,0.367,0.628,0.415,0.42,0.323,14,43,89.3,3.6,2272,89.9,90.37,23,92,79,0.5,6.54,107,152,120,146,302,318,290,"-3.1","3.1","72.89227593","7.715961163"
171,673962,"Jung, Josh",460,37.2,0.235,0.078,0.268,0.314,0.237,0.287,0.246,12,51,85.6,8,2300,89.2,89.53,30,100,71,0.29999999999999716,6.48,110,151,124,145,301,327,297,"1.7","-1.7","69.849663838","7.055061717"
171,677800,"Abreu, Wilyer",1506,11.4,0.263,0.158,0.357,0.421,0.312,0.246,0.197,10,38,92.9,26.1,2217,88.8,89.02,20,81,90,0.20000000000000284,6.45,118,146,113,150,282,321,305,"-0.3","0.3","72.029923086","7.234214074"
170,694671,"Langford, Wyatt",1795,9.5,0.244,0.098,0.281,0.341,0.285,0.359,0.265,10,41,89.6,22.2,2217,88.7,89.16,24,83,87,0.5,6.57,109,152,122,146,300,326,297,"-0.5","0.5","72.07761716","7.073026914"
170,670032,"Lopez, Nicky",1439,11.8,0.179,0.051,0.259,0.231,0.245,0.255,0.172,7,39,83.6,6,2264,90.1,90.47,23,82,88,0.4000000000000057,6.53,114,147,99,150,275,312,302,"1.5","-1.5","61.101414375","6.56706275"
169,656811,"O'Hearn, Ryan",1585,10.7,0.184,0.105,0.188,0.289,0.215,0.305,0.276,7,38,88.7,11.4,2240,89.9,90.1,19,97,72,0.19999999999998863,6.4,115,147,126,152,298,325,305,"3.6","-3.6","70.783452396","7.06540875"
167,643289,"Dubón, Mauricio",1214,13.8,0.271,0.042,0.325,0.313,0.266,0.255,0.236,13,48,85.9,16.9,2305,89.2,89.21,20,101,66,0,6.41,103,151,106,147,299,324,283,"1.3","-1.3","65.854463878","7.427289184"
166,666397,"Julien, Edouard",1033,16.1,0.278,0.056,0.417,0.333,0.317,0.325,0.264,10,36,86.1,10.3,2183,89.5,90.02,21,80,86,0.5,6.57,114,146,118,153,292,323,303,"-0.1","0.1","70.4735615","7.179508125"
165,681807,"Fry, David",1406,11.7,0.216,0.27,0.214,0.486,0.34,0.333,0.252,8,37,84.1,27.5,2211,88.2,88.61,16,78,87,0.3999999999999915,6.53,107,150,122,147,298,321,289,"0.1","-0.1","69.340738312","7.783873636"
165,671277,"García Jr., Luis",1630,10.1,0.286,0.119,0.324,0.405,0.323,0.344,0.275,12,42,85.5,7.4,2254,87.6,87.81,19,91,74,0.20000000000000284,6.44,118,147,111,150,291,324,301,"-0.2","0.2","70.170760449","7.294081461"
164,669701,"Smith, Josh",1922,8.5,0.229,0.029,0.308,0.257,0.238,0.285,0.251,8,35,88.2,19.2,2276,88.9,89.22,8,73,91,0.29999999999999716,6.5,116,147,115,152,294,326,302,"3.1","-3.1","64.692642329","6.215569178"
164,643446,"McNeil, Jeff",1667,9.8,0.265,0.176,0.308,0.441,0.376,0.354,0.236,9,34,84,8.6,2251,89.6,89.83,20,82,82,0.20000000000000284,6.45,114,145,110,151,283,318,298,"-3.3","3.3","66.669104684","7.408790633"
163,624585,"Soler, Jorge",1982,8.2,0.074,0.111,0.059,0.185,0.228,0.316,0.19,2,27,89.2,16.7,2273,88.6,89.31,17,65,98,0.7000000000000028,6.71,110,152,124,145,304,328,293,"3.3","-3.3","73.855188769","7.84285"
163,663616,"Larnach, Trevor",1281,12.7,0.317,0.317,0.417,0.634,0.414,0.38,0.297,13,41,93.6,11.8,2160,89.6,90.04,27,69,94,0.4000000000000057,6.55,115,143,122,150,294,325,303,"-4","4","70.410693971","7.195643382"
163,518692,"Freeman, Freddie",2108,7.7,0.244,0.195,0.286,0.439,0.299,0.335,0.269,10,41,92.7,15,2306,90.6,91.07,22,90,73,0.5,6.47,115,146,126,152,296,323,301,"0.4","-0.4","66.894575682","6.577346932"
163,680474,"Schuemann, Max",1537,10.6,0.184,0.105,0.222,0.289,0.254,0.289,0.219,7,38,83.2,16.6,2230,89.1,89.2,24,75,88,0.10000000000000853,6.38,104,148,113,145,303,321,292,"3.6","-3.6","63.3814","6.452885342"
162,676356,"DeLuca, Jonny",1043,15.5,0.268,0.122,0.278,0.39,0.319,0.33,0.295,11,41,82.7,13.8,2323,89.1,89.12,18,81,81,0,6.44,110,152,112,146,297,318,290,"0.7","-0.7","67.64478025","7.4991775"
162,664913,"Brown, Seth",1226,13.2,0.359,0.154,0.414,0.513,0.418,0.411,0.32,14,39,93.4,9.4,2243,88.9,88.96,18,73,89,0.09999999999999432,6.31,118,144,121,150,296,322,299,"-3.5","3.5","70.257241667","6.895275833"
161,592273,"Drury, Brandon",1129,14.3,0.15,0.175,0.143,0.325,0.234,0.276,0.221,6,40,87.5,8.3,2331,89.1,89.18,14,65,96,0.10000000000000853,6.31,109,152,122,147,305,324,291,"5.2","-5.2","70.633841746","7.359223651"
161,694359,"Kavadas, Niko",161,100,0.088,0.088,0.133,0.176,0.159,0.172,0.098,3,34,91.1,23.8,2215,87.5,87.54,22,64,97,0,6.31,118,146,128,152,290,325,300,"3","-3","66.215168889","6.804397778"
160,669242,"Edman, Tommy",160,100,0.275,0.075,0.324,0.35,0.273,0.255,0.251,11,40,88.3,15.9,2228,89.9,90.27,15,69,91,0.3999999999999915,6.46,109,148,106,150,291,317,298,"0.1","-0.1","68.71108058","6.74306913"
160,660688,"Ruiz, Keibert",1346,11.9,0.156,0.111,0.158,0.267,0.19,0.187,0.163,7,45,84.6,16.9,2250,88.3,88.43,11,89,71,0.10000000000000853,6.33,112,149,125,150,295,323,291,"3.5","-3.5","65.397085","7.052988256"
158,666310,"Naylor, Bo",1343,11.8,0.258,0.194,0.333,0.452,0.337,0.217,0.15,8,31,84,22.3,2224,89.1,89.5,23,73,85,0.4000000000000057,6.49,114,146,117,152,286,321,296,"-0.3","0.3","67.996439444","7.457290694"
158,677870,"Jiménez, Leo",603,26.2,0.306,0.222,0.375,0.528,0.397,0.306,0.216,11,36,83,-2.2,2221,87.3,87.13,19,75,83,-0.20000000000000284,6.18,107,147,116,145,296,322,289,"-2.4","2.4","65.943264133","6.954237333"
157,657041,"Thomas, Lane",1709,9.2,0.212,0.061,0.35,0.273,0.254,0.201,0.141,7,33,83.2,21.3,2240,88.4,88.69,20,70,87,0.29999999999999716,6.51,111,152,119,148,297,320,289,"1.8","-1.8","69.519496286","6.734092571"
157,669224,"Wells, Austin",1277,12.3,0.273,0.333,0.273,0.606,0.401,0.389,0.246,9,33,86,7.7,2136,89.7,90.31,28,86,71,0.5999999999999943,6.66,109,146,117,151,293,327,292,"-2.3","2.3","69.239639036","7.483583133"
157,660844,"Rivas, Leo",298,52.7,0.344,0.031,0.5,0.375,0.366,0.366,0.323,11,32,81.3,10,2293,89.3,89.64,13,56,101,0.29999999999999716,6.42,107,145,100,149,291,314,289,"-2.2","2.2","60.791817273","6.692871091"
156,686681,"Massey, Michael",981,15.9,0.293,0.122,0.297,0.415,0.322,0.32,0.297,12,41,91.1,15.7,2158,88.8,88.94,12,73,83,0.10000000000000853,6.36,121,146,103,151,295,324,302,"-0.6","0.6","70.601155634","7.168860986"
155,670042,"Raley, Luke",1397,11.1,0.286,0.25,0.375,0.536,0.41,0.357,0.191,8,28,87.8,21.9,2258,89.1,89.41,27,68,87,0.30000000000001137,6.45,112,142,112,149,299,320,301,"-4.6","4.6","72.559078209","7.264690896"
154,663368,"Perkins, Blake",1398,11,0.345,0.103,0.455,0.448,0.38,0.325,0.25,10,29,87,14.8,2191,88.4,88.28,21,65,89,-0.10000000000000853,6.21,109,147,107,150,293,320,297,"-1.9","1.9","68.540003065","7.309157581"
153,669200,"McCoy, Mason",153,100,0.258,0.065,0.421,0.323,0.312,0.277,0.223,8,31,84.9,10.3,2283,90.8,90.86,19,64,89,0.10000000000000853,6.41,108,148,109,145,305,319,290,"0.4","-0.4","65.163648772","7.250220877"
153,669304,"Miranda, Jose",1334,11.5,0.211,0.079,0.242,0.289,0.243,0.284,0.235,8,38,90.7,11.2,2284,88.2,88.43,18,83,70,0.20000000000000284,6.5,108,152,121,146,301,323,295,"3.7","-3.7","67.565999091","7.537309221"
151,694388,"Loperfido, Joey",762,19.8,0.273,0.295,0.323,0.568,0.365,0.283,0.222,12,44,85.8,9.9,2206,87.3,87.27,22,87,64,0,6.21,116,147,114,153,284,322,301,"0.3","-0.3","70.821520602","7.894317229"
150,687597,"Beck, Jordan",473,31.7,0.263,0.026,0.345,0.289,0.303,0.331,0.277,10,38,84.8,13.4,2271,88.7,89.25,21,71,79,0.5,6.39,109,151,123,148,305,331,298,"0","0","69.086487826","7.672257826"
149,682177,"Schneemann, Daniel",763,19.5,0.323,0.097,0.474,0.419,0.354,0.271,0.224,10,31,83.8,6.3,2205,88.9,89.34,16,74,75,0.3999999999999915,6.51,118,147,111,152,284,319,294,"0.9","-0.9","69.471527162","6.698048784"
149,669221,"Murphy, Sean",827,18,0.188,0.094,0.263,0.281,0.256,0.248,0.188,6,32,86.3,5,2205,90.2,90.88,28,66,83,0.7000000000000028,6.68,107,151,122,146,307,329,295,"3.4","-3.4","72.828636","8.079690769"
149,680728,"Del Castillo, Adrian",238,62.6,0.273,0.182,0.368,0.455,0.352,0.325,0.232,9,33,86.5,11.5,2204,88.9,88.87,20,75,74,0,6.36,108,143,116,149,288,324,303,"-2","2","70.183443467","7.138222267"
147,608324,"Bregman, Alex",2065,7.1,0.25,0.194,0.269,0.444,0.317,0.344,0.286,9,36,91.1,27.5,2350,89.9,90.25,9,64,83,0.29999999999999716,6.58,105,151,122,147,304,326,290,"2.5","-2.5","68.271165156","6.755434219"
146,663662,"Cameron, Daz",566,25.8,0.2,0.057,0.304,0.257,0.192,0.198,0.188,7,35,90.1,2.3,2152,89.2,89.3,23,81,65,0.09999999999999432,6.4,108,151,120,147,303,320,292,"5.4","-5.4","69.300070759","6.513710633"
144,670764,"Walls, Taylor",812,17.7,0.176,0.029,0.261,0.206,0.221,0.251,0.197,6,34,83.8,20.7,2170,90.5,90.73,13,63,81,0.20000000000000284,6.48,119,147,108,151,285,316,295,"1.4","-1.4","63.678609508","6.927011803"
142,642133,"Tellez, Rowdy",1449,9.8,0.318,0.273,0.306,0.591,0.391,0.305,0.245,14,44,88,24.7,2254,89.1,89.25,12,68,74,0.20000000000000284,6.36,118,146,125,152,298,324,307,"-4","4","72.523988529","7.989497647"
142,664056,"Bader, Harrison",1429,9.9,0.069,0.207,0,0.276,0.223,0.35,0.224,2,29,90.3,11.6,2188,89.7,89.83,13,51,91,0.09999999999999432,6.42,112,151,123,148,300,323,295,"2.3","-2.3","69.24965898","6.912777551"
141,500743,"Rojas, Miguel",974,14.5,0.395,0.158,0.378,0.553,0.404,0.388,0.367,15,38,84.8,16.9,2310,90,90.38,10,75,66,0.4000000000000057,6.45,103,149,113,146,303,319,292,"-2.7","2.7","64.957013151","6.92123137"
139,518735,"Grandal, Yasmani",778,17.9,0.333,0.37,0.353,0.704,0.476,0.42,0.304,9,27,93.9,11.3,2310,87.5,87.74,11,55,84,0.20000000000000284,6.39,116,148,127,153,298,322,306,"-3.4","3.4","66.369806","7.346228909"
139,543309,"Higashioka, Kyle",873,15.9,0.267,0.3,0.3,0.567,0.371,0.333,0.256,8,30,91.9,19.3,2199,88,88.42,18,66,73,0.4000000000000057,6.49,111,151,126,148,305,323,297,"0.5","-0.5","69.607386615","7.325431385"
139,571970,"Muncy, Max",843,16.5,0.321,0.357,0.412,0.679,0.474,0.418,0.279,9,28,94.6,19.1,2357,89.7,90.01,13,59,80,0.29999999999999716,6.4,115,146,130,153,296,323,302,"-5.4","5.4","70.693189811","7.05227283"
139,575929,"Contreras, Willson",1382,10.1,0.25,0.036,0.35,0.286,0.317,0.418,0.348,7,28,94.4,12.4,2311,90,90.51,25,67,72,0.5,6.59,107,150,125,145,307,330,297,"0.2","-0.2","71.728026769","7.65272"
137,657136,"Wong, Connor",1544,8.9,0.216,0.162,0.25,0.378,0.263,0.27,0.248,8,37,89.7,6.2,2270,89.5,89.82,19,74,63,0.29999999999999716,6.49,108,151,114,147,293,322,292,"2.6","-2.6","70.359297361","7.287854167"
137,650391,"Jiménez, Eloy",1111,12.3,0.214,0.143,0.229,0.357,0.254,0.328,0.287,9,42,90.7,7.7,2181,88.2,88.58,16,69,68,0.3999999999999915,6.55,113,153,128,149,306,329,297,"2.1","-2.1","73.161622319","7.238517391"
137,694376,"Whitcomb, Shay",137,100,0.25,0.107,0.318,0.357,0.325,0.389,0.307,7,28,88.9,12.8,2406,89,89.17,9,58,79,0.20000000000000284,6.51,106,150,120,146,298,325,288,"-2.1","2.1","67.410806481","7.337267222"
135,592325,"Gamel, Ben",255,52.9,0.364,0.152,0.524,0.515,0.396,0.272,0.243,12,33,87.5,8,2385,87.9,88.21,18,56,79,0.29999999999999716,6.48,116,147,113,152,293,324,299,"-1.7","1.7","68.044631852","7.11230537"
135,668942,"Rojas, Josh",1623,8.3,0.219,0.125,0.261,0.344,0.279,0.313,0.254,7,32,90.9,6.2,2287,89.7,89.92,15,57,78,0.20000000000000284,6.36,114,146,105,152,291,318,301,"2.6","-2.6","62.195817143","6.844829821"
132,672284,"Kelenic, Jarred",1620,8.1,0.172,0.034,0.278,0.207,0.192,0.239,0.185,5,29,90.8,15.6,2144,90.3,90.83,25,59,73,0.5,6.6,118,145,114,151,300,329,303,"3.8","-3.8","68.949913214","7.422649286"
132,641343,"Bauers, Jake",1274,10.4,0.13,0.13,0.222,0.261,0.243,0.223,0.114,3,23,87.5,34,2189,90,90.39,21,56,76,0.4000000000000057,6.48,111,142,118,150,295,320,296,"2.2","-2.2","71.467826964","7.591529107"
132,664238,"Moore, Dylan",1586,8.3,0.217,0.087,0.455,0.304,0.321,0.275,0.173,5,23,88.1,-0.1,2177,88.7,88.84,19,52,80,0.09999999999999432,6.31,104,151,118,147,302,322,292,"-1.5","1.5","68.893383061","6.883793469"
131,516782,"Marte, Starling",1134,11.6,0.242,0.061,0.4,0.303,0.236,0.271,0.27,8,33,85.5,3.1,2322,88.8,88.76,25,71,60,0,6.31,112,151,112,147,305,326,295,"3.7","-3.7","67.05344","7.034761884"
130,642350,"Siri, Jose",1569,8.3,0.167,0.3,0.143,0.467,0.277,0.35,0.231,5,30,86.1,22.5,2352,90.2,90.44,34,74,56,0.20000000000000284,6.49,106,149,114,145,297,317,290,"0.7","-0.7","70.291052958","7.803123521"
129,665804,"Amaya, Miguel",1074,12,0.359,0.308,0.333,0.667,0.447,0.407,0.323,14,39,88.3,17,2286,88,88.23,9,72,56,0.20000000000000284,6.38,111,148,119,144,301,319,290,"-9","9","72.072637101","7.207841304"
129,596146,"Kepler, Max",1480,8.7,0.139,0.028,0.156,0.167,0.148,0.258,0.244,5,36,87.8,11.9,2285,89.3,89.41,18,63,66,0.10000000000000853,6.37,121,146,119,153,293,324,302,"4.4","-4.4","69.980284355","7.455237419"
128,664728,"Isbel, Kyle",1271,10.1,0.222,0.111,0.267,0.333,0.237,0.192,0.199,8,36,82.9,13.4,2274,88.5,88.76,11,63,65,0.29999999999999716,6.43,114,145,102,149,289,323,302,"0.2","-0.2","69.746710167","7.100355333"
128,456781,"Solano, Donovan",1018,12.6,0.222,0.111,0.294,0.333,0.284,0.314,0.233,6,27,86.9,11.3,2296,89.8,90.12,18,61,67,0.29999999999999716,6.48,111,152,125,148,307,326,293,"-0.5","0.5","64.340296667","6.961894167"
128,656716,"McKinstry, Zach",1056,12.1,0.471,0.176,0.536,0.647,0.493,0.376,0.328,16,34,92.4,15.8,2215,90,90.16,8,59,69,0.20000000000000284,6.26,112,148,106,153,286,326,299,"-5.7","5.7","65.648273818","6.552037455"
128,608385,"Winker, Jesse",1839,7,0.412,0.265,0.414,0.676,0.463,0.427,0.388,14,34,90.4,10.9,2170,90.4,90.49,6,49,79,0.09999999999999432,6.38,113,147,118,153,293,326,305,"-4.4","4.4","69.747583125","7.450597708"
127,578428,"Iglesias, Jose",694,18.3,0.231,0.038,0.3,0.269,0.282,0.203,0.128,6,26,84.6,2.6,2292,89.6,89.6,9,61,66,0,6.34,108,149,117,146,297,317,291,"0.6","-0.6","67.887695167","6.7267245"
127,595909,"Cave, Jake",1143,11.1,0.281,0.156,0.364,0.438,0.307,0.226,0.196,9,32,81.1,0.8,2169,88.6,89.23,18,69,58,0.6000000000000085,6.38,112,146,123,151,292,336,310,"-1.6","1.6","65.584685","6.741522794"
126,669743,"Call, Alex",493,25.6,0.2,0.28,0.15,0.48,0.327,0.304,0.216,5,25,88.3,27,2149,89.2,89.56,10,57,69,0.3999999999999915,6.53,109,150,113,146,300,322,285,"1.1","-1.1","66.724360926","6.904607037"
125,666181,"Benson, Will",1530,8.2,0.185,0.296,0.231,0.481,0.318,0.295,0.171,5,27,94.2,32.5,2280,91.6,91.79,27,61,64,0.20000000000000284,6.4,119,145,121,152,294,321,293,"1","-1","70.147261667","7.877956833"
124,608701,"Refsnyder, Rob",1132,11,0.182,0.182,0.182,0.364,0.23,0.239,0.197,6,33,88.1,15,2246,90.5,90.64,17,56,68,0.09999999999999432,6.45,107,152,121,147,296,324,293,"3.9","-3.9","70.061441964","7.636178571"
124,677587,"Rocchio, Brayan",1371,9,0.2,0.1,0.238,0.3,0.258,0.191,0.129,6,30,74.9,9.5,2253,89,89.38,18,60,64,0.4000000000000057,6.52,112,147,104,150,284,315,289,"3.5","-3.5","62.819431579","6.900295439"
123,656582,"Joe, Connor",1493,8.2,0.231,0.308,0.333,0.538,0.38,0.305,0.169,6,26,87.7,31.3,2364,87.6,87.83,21,50,73,0.20000000000000284,6.43,110,151,122,147,310,324,292,"-0.2","0.2","68.813633333","7.459069583"
122,571771,"Hernández, Enrique",1328,9.2,0.226,0.258,0.227,0.484,0.31,0.232,0.203,7,31,86.6,14.9,2354,88.5,88.82,14,69,53,0.29999999999999716,6.46,109,151,118,146,305,323,299,"0.9","-0.9","68.046093043","7.313756812"
122,607680,"Pillar, Kevin",1059,11.5,0.154,0.077,0.267,0.231,0.229,0.206,0.138,4,26,83.7,20.5,2203,88.4,88.68,23,73,49,0.29999999999999716,6.42,105,148,117,143,295,323,291,"0.9","-0.9","65.997875342","7.326140137"
122,609280,"Andujar, Miguel",1176,10.4,0.273,0.03,0.31,0.303,0.252,0.294,0.303,9,33,85.4,12.2,2297,88.8,89.09,13,67,55,0.29999999999999716,6.47,110,152,124,147,303,322,296,"2.5","-2.5","69.336943582","7.521152239"
122,570482,"Urshela, Gio",1361,9,0.289,0.079,0.297,0.368,0.295,0.231,0.22,11,38,85.4,7.2,2274,90.9,91.68,14,69,53,0.7999999999999972,6.71,106,148,118,146,304,324,288,"1.5","-1.5","66.672611304","7.218824783"
122,668885,"Martin, Austin",833,14.6,0.278,0.083,0.357,0.361,0.297,0.245,0.224,10,36,80.3,7.1,2270,89.1,89.51,19,67,55,0.4000000000000057,6.51,106,151,112,146,296,316,288,"-1.3","1.3","63.120382727","6.578991364"
122,502054,"Pham, Tommy",1532,8,0.087,0,0.118,0.087,0.161,0.28,0.214,2,23,89.9,5.4,2326,90,90.39,11,42,80,0.4000000000000057,6.45,108,150,122,145,309,324,296,"4.2","-4.2","70.781454524","6.493936905"
121,645302,"Robles, Victor",729,16.6,0.371,0.143,0.4,0.514,0.398,0.356,0.318,13,35,79.2,11.3,2257,88.9,89.37,16,66,55,0.5,6.53,104,150,102,148,308,315,284,"-5.2","5.2","62.418996885","6.389417541"
121,622534,"Margot, Manuel",1149,10.5,0.333,0.074,0.375,0.407,0.334,0.302,0.287,9,27,84.9,11.4,2340,88.5,88.67,10,62,59,0.20000000000000284,6.42,108,152,114,147,302,320,290,"-1.7","1.7","70.813243607","7.119294918"
120,691011,"Romo, Drew",120,100,0.233,0.1,0.333,0.333,0.271,0.213,0.172,7,30,81.5,9.1,2111,87.2,87.63,16,64,56,0.3999999999999915,6.38,107,144,117,147,298,328,294,"0.8","-0.8","67.492666452","7.223405806"
120,642731,"Estrada, Thairo",1309,9.2,0.229,0.029,0.308,0.257,0.212,0.253,0.247,8,35,84.7,12.7,2368,88.6,88.71,20,66,54,0.10000000000000853,6.33,109,153,114,147,298,320,288,"1.6","-1.6","63.897408333","6.967549848"
120,700242,"Sweeney, Trey",120,100,0.194,0.139,0.222,0.333,0.238,0.249,0.201,7,36,91.5,7.6,2251,88.7,88.61,19,59,61,-0.10000000000000853,6.17,112,145,117,152,288,328,301,"2.3","-2.3","72.979515577","7.461564423"
120,608336,"Gallo, Joey",806,14.9,0.2,0.08,0.313,0.28,0.286,0.334,0.233,5,25,91.4,11.5,2255,87.7,88,15,50,70,0.29999999999999716,6.41,118,146,125,151,305,325,300,"0.1","-0.1","68.488876122","7.05413"
119,663698,"Bart, Joey",866,13.7,0.267,0.167,0.292,0.433,0.336,0.374,0.285,8,30,80.3,12.4,2202,89.3,89.17,10,59,60,-0.09999999999999432,6.28,108,151,123,147,305,325,292,"-1.3","1.3","72.818500351","7.262463333"
119,666152,"Hamilton, David",1190,10,0.241,0.207,0.238,0.448,0.33,0.232,0.164,7,29,82.2,21.2,2241,89.2,89.26,15,55,64,0.09999999999999432,6.35,113,146,103,150,278,317,306,"-0.2","0.2","63.669475273","6.916554909"
119,665862,"Chisholm Jr., Jazz",2094,5.7,0.31,0.276,0.368,0.586,0.389,0.34,0.29,9,29,92.6,7.3,2163,88.5,89.07,16,54,65,0.5999999999999943,6.65,112,146,112,148,297,324,289,"-1.2","1.2","69.423994815","7.377072407"
118,680777,"Jeffers, Ryan",1505,7.8,0.357,0.393,0.318,0.75,0.494,0.383,0.277,10,28,91.2,20.8,2317,89.7,90.16,14,64,54,0.5,6.58,108,152,121,147,302,323,295,"-6.1","6.1","69.447528103","7.531998621"
118,668670,"Rogers, Jake",1052,11.2,0.172,0.207,0.222,0.379,0.274,0.327,0.225,5,29,93.8,21.4,2373,88.5,88.52,22,55,63,0,6.23,108,153,123,150,300,329,292,"-2.1","2.1","69.470871957","7.391008043"
117,660766,"Yepez, Juan",700,16.7,0.226,0.194,0.2,0.419,0.287,0.311,0.26,7,31,85.6,6.7,2224,87.4,87.69,16,68,49,0.29999999999999716,6.46,110,150,122,146,301,324,289,"0.3","-0.3","69.238175758","7.348420909"
116,642086,"Smith, Dominic",1202,9.7,0.208,0.083,0.357,0.292,0.267,0.261,0.174,5,24,90.3,13.9,2186,90.3,90.58,16,51,65,0.29999999999999716,6.42,117,146,125,152,296,319,297,"2.2","-2.2","65.98488","6.708643725"
114,682622,"Marte, Noelvi",657,17.4,0.265,0.088,0.364,0.353,0.279,0.282,0.229,9,34,83.5,15.3,2197,90.6,90.98,22,64,50,0.4000000000000057,6.52,109,151,122,147,305,322,286,"1.5","-1.5","71.4450675","7.290865"
113,686823,"Brennan, Will",1062,10.6,0.25,0.056,0.281,0.306,0.253,0.253,0.257,9,36,78.8,17.8,2227,90.1,90.38,9,64,49,0.30000000000001137,6.46,117,147,107,152,291,320,294,"1.2","-1.2","67.031306667","6.860178413"
113,641658,"Hampson, Garrett",788,14.3,0.172,0.034,0.227,0.207,0.182,0.253,0.25,5,29,86.9,12.8,2265,88.3,88.41,13,53,60,0.10000000000000853,6.35,103,147,105,145,299,321,286,"3.9","-3.9","65.069521509","6.806195849"
112,663743,"Fortes, Nick",876,12.8,0.185,0.148,0.167,0.333,0.221,0.249,0.223,5,27,82.9,15.1,2306,88.5,88.95,5,57,55,0.4000000000000057,6.55,110,151,115,148,305,318,287,"3.6","-3.6","66.4341316","6.545521"
112,641645,"Guillorme, Luis",689,16.3,0.158,0.053,0.176,0.211,0.286,0.312,0.177,3,19,85.1,5.9,2250,91.5,91.47,3,40,72,0,6.25,115,147,108,152,277,317,306,"-1.9","1.9","64.230038974","7.467688974"
111,669134,"Campusano, Luis",989,11.2,0.227,0.136,0.235,0.364,0.335,0.334,0.212,5,22,86.8,20.4,2237,89.7,90.03,7,45,66,0.29999999999999716,6.57,107,152,125,148,305,328,299,"-0.9","0.9","66.067327556","7.755193556"
111,641680,"Heim, Jonah",1489,7.5,0.219,0.156,0.24,0.375,0.265,0.26,0.222,7,32,88.7,25.4,2270,88.7,88.87,25,70,41,0.20000000000000284,6.4,115,146,118,149,297,325,302,"2","-2","68.461034348","7.498979275"
111,572191,"Taylor, Michael A.",1133,9.8,0.077,0,0.167,0.077,0.112,0.115,0.068,2,26,84.7,9.8,2278,90.2,90.31,22,54,57,0.09999999999999432,6.42,110,152,114,149,304,319,292,"4.6","-4.6","70.658631698","7.149916226"
110,660644,"Bruján, Vidal",1047,10.5,0.3,0.033,0.36,0.333,0.302,0.299,0.29,9,30,85,-6,2165,89,89.23,14,66,44,0.20000000000000284,6.32,113,148,104,150,288,317,299,"1.4","-1.4","67.177498438","6.964171875"
109,681460,"Baldwin, Brooks",415,26.3,0.207,0,0.261,0.207,0.23,0.333,0.278,6,29,83.2,17.2,2205,90.5,90.7,13,62,47,0.20000000000000284,6.48,108,147,104,150,284,316,296,"2.7","-2.7","70.115090847","6.941930678"
109,592669,"Renfroe, Hunter",1455,7.5,0.381,0.19,0.467,0.571,0.453,0.376,0.292,8,21,86,12.3,2243,87.2,87.16,9,46,63,0,6.18,108,150,122,146,306,325,300,"-3.2","3.2","73.146269348","7.590004565"
109,624428,"Frazier, Adam",1085,10,0.222,0.037,0.316,0.259,0.228,0.241,0.231,6,27,85.7,16.8,2274,88.7,88.85,11,52,57,0.09999999999999432,6.33,114,145,108,150,287,319,302,"0.5","-0.5","65.035805577","6.852551538"
108,676914,"Schneider, Davis",1692,6.4,0.043,0,0.091,0.043,0.113,0.207,0.133,1,23,88.9,26.4,2287,88.5,88.45,12,47,61,0,6.23,109,151,121,147,294,322,293,"5.5","-5.5","70.533715227","6.974423182"
107,596142,"Sánchez, Gary",917,11.7,0.19,0.286,0.231,0.476,0.354,0.281,0.157,4,21,86.9,10.1,2226,88.5,88.54,11,41,66,0,6.32,107,151,126,146,299,322,299,"-2.1","2.1","70.645691463","7.390418049"
107,607732,"Stallings, Jacob",922,11.6,0.208,0.125,0.333,0.333,0.284,0.198,0.111,5,24,86.3,19.6,2189,89.6,90.17,17,49,58,0.6000000000000085,6.44,109,150,121,146,305,328,288,"-0.4","0.4","65.595563469","7.148693265"
106,572138,"Singleton, Jon",1386,7.6,0.19,0.333,0.167,0.524,0.331,0.301,0.203,4,21,84.5,18.6,2321,89.1,89.55,13,36,70,0.4000000000000057,6.63,119,146,129,152,294,327,297,"-0.2","0.2","68.121283429","7.011645429"
106,666160,"Moniak, Mickey",1319,8,0.367,0.5,0.389,0.867,0.532,0.516,0.393,11,30,94.6,17.7,2339,87.2,87.24,15,64,42,0,6.29,112,146,100,151,289,325,297,"-6.7","6.7","71.981664194","7.723289677"
106,663609,"Baker, Luken",106,100,0.133,0.267,0.125,0.4,0.338,0.312,0.128,2,15,91.7,26.9,2434,90.3,90.41,21,47,59,0.10000000000000853,6.29,112,150,122,145,308,329,304,"0.4","-0.4","71.150786596","7.59775617"
106,641856,"McKinney, Billy",106,100,0.227,0.045,0.5,0.273,0.275,0.25,0.182,5,22,87.4,2.7,2225,88.5,88.73,23,49,57,0.20000000000000284,6.4,117,146,119,153,297,323,302,"0.3","-0.3","67.558184898","6.910476939"
103,669364,"Edwards, Xavier",780,13.2,0.292,0.167,0.318,0.458,0.359,0.328,0.271,7,24,84.3,5.5,2156,90,90.27,5,56,47,0.29999999999999716,6.5,115,150,102,150,292,312,288,"-1.2","1.2","62.868083636","6.071526909"
103,571745,"Haniger, Mitch",1631,6.3,0.25,0.125,0.333,0.375,0.285,0.257,0.223,6,24,90.4,7.9,2254,88.8,89.1,19,49,54,0.29999999999999716,6.42,104,148,121,143,305,321,288,"2.1","-2.1","70.358482917","7.1020125"
102,543877,"Vázquez, Christian",964,10.6,0.241,0,0.304,0.241,0.213,0.298,0.288,7,29,89.6,15.9,2274,89.2,89.46,8,53,49,0.29999999999999716,6.5,107,152,121,148,301,320,290,"1.1","-1.1","67.732893019","7.134147358"
101,592192,"Canha, Mark",1815,5.6,0.235,0.059,0.286,0.294,0.298,0.279,0.169,4,17,87.2,7.4,2244,91.1,91.2,4,34,67,0.10000000000000853,6.34,106,152,123,146,301,323,289,"0.9","-0.9","68.74579","7.396763235"
99,701305,"Dezenzo, Zach",189,52.4,0.217,0.043,0.385,0.261,0.246,0.276,0.183,5,23,86.5,17.5,2260,87.5,87.52,19,45,54,0,6.42,105,152,122,147,300,326,290,"0","0","73.791663721","7.447316279"
99,663624,"Mountcastle, Ryan",1822,5.4,0.179,0.143,0.227,0.321,0.227,0.344,0.294,5,28,88.7,8.3,2295,88.6,88.99,12,57,42,0.4000000000000057,6.55,103,152,126,148,307,329,289,"2.9","-2.9","72.414346316","7.24475614"
98,643376,"Jansen, Danny",1199,8.2,0.083,0,0.118,0.083,0.121,0.17,0.121,2,24,86.6,24.5,2304,89.5,89.93,15,49,49,0.4000000000000057,6.59,111,153,122,145,288,323,295,"3","-3","63.470961489","6.790185745"
98,518934,"LeMahieu, DJ",834,11.8,0.231,0,0.25,0.231,0.206,0.183,0.18,6,26,89.7,2.1,2174,89.2,89.54,9,54,44,0.29999999999999716,6.48,109,144,121,142,302,322,286,"4.1","-4.1","67.305445556","7.016201111"
98,667452,"Julks, Corey",678,14.5,0.227,0,0.333,0.227,0.212,0.203,0.171,5,22,79.9,5.8,2132,88.7,88.82,11,42,56,0.09999999999999432,6.38,107,150,120,145,296,319,287,"2","-2","69.946185","7.053808095"
98,596103,"Slater, Austin",733,13.4,0.19,0.143,0.231,0.333,0.283,0.275,0.161,4,21,88.9,8.8,2174,89.7,89.92,11,37,61,0.20000000000000284,6.58,110,153,110,149,312,326,289,"-0.8","0.8","69.212647297","6.693771622"
98,693307,"Dingler, Dillon",204,48,0.107,0.071,0.176,0.179,0.12,0.146,0.129,3,28,83.7,11.5,2330,88.6,88.93,13,61,37,0.30000000000001137,6.42,106,151,121,147,297,328,291,"5","-5","69.510370333","7.6444715"
96,621028,"Newman, Kevin",977,9.8,0.25,0,0.316,0.25,0.239,0.233,0.221,6,24,77,1.8,2180,89.7,89.9,6,44,52,0.20000000000000284,6.47,107,151,109,147,303,318,285,"1.9","-1.9","63.174274884","6.336896744"
95,518595,"d'Arnaud, Travis",1088,8.7,0.208,0.167,0.286,0.375,0.284,0.274,0.189,5,24,89.7,-3.8,2205,89.9,90.62,20,55,40,0.6999999999999886,6.71,109,152,124,147,306,328,293,"-1.1","1.1","72.253666538","8.035595385"
94,656577,"Jackson, Alex",626,15,0.136,0.045,0.188,0.182,0.223,0.25,0.165,3,22,85.1,7.6,2256,89,89.35,18,43,51,0.4000000000000057,6.62,109,151,121,148,299,322,290,"1.9","-1.9","72.352208372","7.594415814"
91,543510,"McCann, James",723,12.6,0.2,0.15,0.188,0.35,0.234,0.329,0.272,4,20,83.9,11.8,2243,88.6,88.93,14,50,41,0.30000000000001137,6.49,101,148,121,143,309,327,291,"1.5","-1.5","67.883807083","6.489725833"
91,608348,"Kelly, Carson",988,9.2,0.3,0.1,0.375,0.4,0.314,0.283,0.265,9,30,88.4,15.6,2274,88.2,88.44,8,46,45,0.20000000000000284,6.44,106,153,125,146,300,328,296,"-0.6","0.6","69.848715682","6.951867273"
90,663853,"Gonzalez, Romy",615,14.6,0.25,0,0.368,0.25,0.22,0.195,0.208,7,28,92,5.1,2265,87.9,88.17,16,52,38,0.29999999999999716,6.46,111,152,115,148,295,321,290,"1.7","-1.7","70.0578022","6.6443426"
89,678225,"Bae, Ji Hwan",313,28.4,0.15,0,0.214,0.15,0.159,0.232,0.19,3,20,85.5,11.1,2212,90.1,90.04,13,38,51,-0.09999999999999432,6.23,113,147,104,152,287,315,299,"1.7","-1.7","68.338326053","6.757737632"
89,679032,"Rojas, Johan",1139,7.8,0.208,0.042,0.313,0.25,0.22,0.17,0.148,5,24,83.8,-6.2,2302,88.2,88.52,13,44,45,0.29999999999999716,6.45,102,147,106,146,299,317,282,"1.4","-1.4","65.002070476","6.712877619"
88,621438,"Taylor, Tyrone",1082,8.1,0.238,0.095,0.385,0.333,0.267,0.214,0.2,5,21,87.2,19.2,2378,87.6,87.68,11,42,46,0.10000000000000853,6.44,106,149,118,146,300,324,295,"-1.4","1.4","68.91650619","7.682337857"
86,682073,"Hensley, David",150,57.3,0.304,0.13,0.375,0.435,0.319,0.218,0.191,7,23,82.7,-1.5,2159,87.9,88.49,8,30,56,0.5999999999999943,6.6,107,146,124,144,306,324,291,"1","-1","67.071055517","6.645552414"
85,628451,"Ibáñez, Andy",748,11.4,0.2,0.2,0.231,0.4,0.31,0.338,0.238,4,20,87.5,24.9,2295,87.2,87.49,13,38,47,0.29999999999999716,6.39,108,153,120,149,298,325,288,"-1.2","1.2","69.071153158","7.307526053"
83,656976,"Smith, Pavin",320,25.9,0.167,0,0.167,0.167,0.266,0.394,0.261,2,12,91.4,9.8,2229,88.4,88.14,4,30,53,-0.30000000000001137,6.2,119,147,120,152,286,321,306,"0.8","-0.8","70.915320333","7.31307"
82,686611,"Crews, Dylan",82,100,0.286,0.381,0.308,0.667,0.411,0.343,0.237,6,21,90.4,14.9,2305,88,88.38,15,39,43,0.4000000000000057,6.49,110,150,119,148,308,326,289,"-1","1","69.564287436","7.537785897"
82,700250,"Rice, Ben",706,11.6,0.056,0,0.083,0.056,0.079,0.148,0.122,1,18,89.1,12.5,2187,88.6,89.08,14,44,38,0.5,6.6,116,146,123,149,295,326,289,"4.5","-4.5","70.743581136","7.345443636"
81,624431,"Trevino, Jose",787,10.3,0.071,0.071,0.083,0.143,0.223,0.223,0.091,1,14,86,6.5,2140,87.4,87.14,4,29,52,-0.30000000000001137,6.35,116,153,127,148,298,326,286,"0.3","-0.3","68.902338571","6.994429524"
81,624641,"Sosa, Edmundo",929,8.7,0.273,0.182,0.278,0.455,0.326,0.342,0.285,6,22,89.3,16.2,2180,88,88.32,11,47,34,0.29999999999999716,6.41,107,151,116,147,296,319,287,"0.5","-0.5","71.047735532","8.09158"
80,545341,"Grichuk, Randal",879,9.1,0.176,0.176,0.182,0.353,0.25,0.27,0.228,3,17,88.5,28.6,2230,87.3,87.48,6,33,47,0.20000000000000284,6.5,107,151,120,147,303,328,295,"1","-1","69.351570909","7.344294545"
80,669720,"Hays, Austin",793,10.1,0.28,0.12,0.35,0.4,0.308,0.274,0.241,7,25,87.7,16.8,2301,87.9,88.28,15,50,30,0.3999999999999915,6.51,110,152,117,148,303,319,288,"0.9","-0.9","69.157762857","6.957016735"
79,666163,"Rortvedt, Ben",1135,7,0.105,0.053,0.125,0.158,0.169,0.276,0.202,2,19,89.1,27.9,2285,89.2,89.1,9,34,45,-0.10000000000000853,6.32,120,150,113,151,284,320,298,"2.5","-2.5","69.480257941","7.089140588"
78,655316,"Monasterio, Andruw",590,13.2,0.235,0.059,0.333,0.294,0.255,0.33,0.281,4,17,81.5,11.3,2200,88.3,88.29,8,34,44,0,6.23,106,150,115,148,300,322,287,"0.7","-0.7","65.09832","6.533052353"
78,687231,"Hernaiz, Darell",472,16.5,0.188,0.125,0.25,0.313,0.307,0.265,0.16,3,16,81.4,14.9,2265,88.8,88.89,7,29,49,0.10000000000000853,6.4,109,151,118,146,303,321,290,"-1.4","1.4","64.783919286","7.033014643"
76,641598,"Garver, Mitch",1637,4.6,0.125,0.063,0.182,0.188,0.223,0.156,0.052,2,16,91.6,51,2218,87.5,87.69,7,29,47,0.20000000000000284,6.36,105,150,118,146,310,324,294,"-0.8","0.8","73.2283076","7.3469812"
75,686527,"Canzone, Dominic",696,10.8,0.059,0.176,0,0.235,0.171,0.364,0.231,1,17,93.1,0.5,2214,88.3,88.45,13,38,37,0.10000000000000853,6.36,115,146,114,151,298,318,298,"3","-3","69.448109211","7.672914474"
75,572761,"Carpenter, Matt",606,12.4,0.071,0.214,0,0.286,0.228,0.254,0.114,1,14,76.7,19.2,2378,90.5,91.14,9,30,45,0.5999999999999943,6.61,117,145,119,152,304,326,303,"-0.4","0.4","67.740441786","7.921428214"
74,672275,"Bailey, Patrick",1504,4.9,0.056,0,0.091,0.056,0.083,0.223,0.133,1,18,92.1,20.8,2176,89.5,89.43,12,38,36,-0.09999999999999432,6.22,114,148,118,151,298,326,301,"3.4","-3.4","72.021665405","7.161341351"
74,642708,"Rosario, Amed",1072,6.9,0.19,0.143,0.25,0.333,0.265,0.366,0.244,4,21,90.5,16.5,2299,91.5,92.01,13,43,31,0.5,6.55,108,151,119,149,307,318,289,"0.4","-0.4","70.798814286","7.46394"
74,642215,"Wilson, Weston",210,35.2,0.313,0.125,0.455,0.438,0.363,0.321,0.251,5,16,92.3,-6.4,2264,87.6,88.19,11,29,45,0.6000000000000085,6.53,111,152,123,147,298,318,290,"-0.3","0.3","69.895931034","7.646397931"
74,656541,"Hilliard, Sam",439,16.9,0.176,0.176,0.182,0.353,0.224,0.217,0.192,3,17,90.8,18.3,2294,88.2,88.67,14,39,35,0.5,6.22,115,147,115,149,300,334,310,"2.4","-2.4","72.232171538","7.086154103"
73,663527,"Nevin, Tyler",920,7.9,0.118,0,0.154,0.118,0.136,0.265,0.2,2,17,85.3,15.7,2160,88.7,89.2,6,35,38,0.5,6.66,105,152,120,147,311,326,295,"2.1","-2.1","64.418277714","6.736348286"
73,645444,"Herrera, Jose",315,23.2,0.235,0.118,0.333,0.353,0.249,0.18,0.187,4,17,78.1,20.2,2280,89.6,89.85,7,29,44,0.20000000000000284,6.41,108,148,116,151,289,321,297,"-1.3","1.3","61.198091379","6.497523793"
72,680118,"Blanco, Dairon",451,16,0.45,0.5,0.5,0.95,0.602,0.507,0.335,9,20,89,3.7,2219,88.7,88.45,15,37,35,-0.29999999999999716,6.14,101,149,105,147,303,323,292,"-4.4","4.4","71.832415833","7.444336944"
72,668845,"Schunk, Aaron",236,30.5,0.231,0.308,0.25,0.538,0.37,0.396,0.283,3,13,84.8,24.3,2284,89.1,89.49,3,36,36,0.4000000000000057,6.24,99,148,116,146,297,326,289,"-1","1","66.203682","6.243519714"
71,571912,"Maile, Luke",573,12.4,0.154,0,0.25,0.154,0.175,0.181,0.149,2,13,76.6,10.7,2262,88.3,88.28,9,35,36,0,6.21,106,150,122,147,303,322,283,"1.7","-1.7","65.425107941","6.729505882"
71,642136,"Thaiss, Matt",555,12.8,0.083,0,0.167,0.083,0.255,0.337,0.15,1,12,85.4,35.3,2264,88.1,88.05,13,31,40,-0.09999999999999432,6.26,110,145,119,152,285,325,303,"1","-1","70.357443226","7.566143226"
70,645305,"Sánchez, Ali",338,20.7,0.222,0.056,0.25,0.278,0.205,0.187,0.184,4,18,82.8,6.2,2142,88.1,88.73,6,40,30,0.6000000000000085,6.53,107,152,128,148,309,324,293,"1.8","-1.8","65.547976667","6.850730513"
70,671289,"Freeman, Tyler",1364,5.1,0.071,0,0.1,0.071,0.207,0.241,0.108,1,14,87.3,14,2291,88.5,88.86,7,32,38,0.4000000000000057,6.58,105,151,109,148,298,320,285,"1.5","-1.5","71.333345938","7.209739688"
69,686780,"Pagés, Pedro",610,11.3,0.263,0.158,0.308,0.421,0.293,0.314,0.257,5,19,87.6,8.5,2330,91.3,91.47,10,37,32,0.20000000000000284,6.21,107,152,125,149,305,326,289,"0.5","-0.5","72.045511622","6.638252703"
69,666464,"Encarnacion, Jerar",259,26.6,0.333,0.2,0.4,0.533,0.391,0.37,0.291,5,15,93,16,2390,90.4,90.52,6,28,41,0.09999999999999432,6.3,111,153,126,148,313,328,292,"-0.5","0.5","75.668967143","7.593538929"
67,592200,"Casali, Curt",367,18.3,0.176,0,0.2,0.176,0.185,0.26,0.239,3,17,78.8,15.5,2260,89.7,90.14,4,32,35,0.3999999999999915,6.5,105,150,117,146,293,320,287,"0.8","-0.8","57.557007419","6.522528387"
67,595281,"Kiermaier, Kevin",952,7,0.238,0.238,0.308,0.476,0.299,0.259,0.242,5,21,80.6,-1.6,2352,91.4,91.93,18,43,24,0.5,6.53,110,145,102,151,291,319,304,"-0.4","0.4","69.193687381","6.884273095"
66,683021,"Stefanic, Michael",369,17.9,0.111,0,0.167,0.111,0.159,0.152,0.096,2,18,80.3,0.9,2293,88.1,88.05,4,24,42,0,6.21,110,152,117,149,301,322,285,"2.7","-2.7","59.9219575","6.0652225"
66,676801,"McCormick, Chas",924,7.1,0.118,0.176,0.083,0.294,0.217,0.253,0.17,2,17,82.4,13.8,2289,90,90.28,9,35,31,0.29999999999999716,6.59,105,149,105,145,299,327,287,"1.8","-1.8","68.326899714","7.576274571"
66,665052,"Conine, Griffin",66,100,0.25,0.375,0.273,0.625,0.379,0.441,0.277,4,16,92.1,-2.1,2111,88.4,89,12,35,31,0.5999999999999943,6.33,117,146,119,149,301,334,312,"-0.9","0.9","71.333653939","7.773589394"
66,643565,"Tauchman, Mike",1386,4.8,0.273,0,0.375,0.273,0.36,0.368,0.258,3,11,85.2,1,2227,87.7,87.42,5,24,42,-0.29999999999999716,6.06,114,147,119,149,299,321,303,"-1.3","1.3","67.70479","6.971253333"
65,571657,"Farmer, Kyle",667,9.7,0.111,0.167,0.083,0.278,0.154,0.182,0.19,2,18,86.5,21.5,2310,88.3,88.29,9,32,33,0,6.35,108,151,120,145,298,320,294,"3","-3","64.621064828","6.885348966"
65,605346,"López, Jack",65,100,0,0,0,0,0,0.06,0.064,0,16,81.7,-8.1,2357,88.8,88.37,13,36,29,-0.3999999999999915,6.03,106,142,106,138,301,324,287,"3.6","-3.6","66.482809143","7.141826286"
62,693304,"Gonzales, Nick",1000,6.2,0.368,0.158,0.389,0.526,0.383,0.396,0.419,7,19,88.9,9.2,2289,87.2,87.77,8,39,23,0.5999999999999943,6.58,116,152,123,148,301,319,298,"-0.4","0.4","69.720516667","7.169981795"
61,641584,"Fraley, Jake",1043,5.8,0.077,0.077,0.143,0.154,0.139,0.212,0.168,1,13,85.5,-8.4,2178,89.5,89.8,10,33,28,0.29999999999999716,6.48,109,145,124,152,284,319,292,"1.9","-1.9","70.369970938","7.05739125"
61,641487,"Crawford, J.P.",1536,4,0,0,0,0,0.278,0.385,0.15,0,9,95.5,16.8,2227,89.8,89.71,4,15,46,-0.09999999999999432,6.2,113,147,102,151,291,319,305,"0.7","-0.7","70.358077333","7.15362"
61,675961,"Williams, Alika",291,21,0.231,0.077,0.429,0.308,0.232,0.159,0.157,3,13,76.5,33.6,2329,87,87.4,11,30,31,0.4000000000000057,6.5,111,151,114,149,308,320,289,"0.8","-0.8","65.279060667","6.648748667"
61,600869,"Candelario, Jeimer",1781,3.4,0.2,0.2,0.25,0.4,0.283,0.204,0.153,3,15,81.9,16.9,2219,87.7,88.16,10,28,33,0.5,6.54,112,142,121,148,289,319,292,"1.3","-1.3","66.596061786","7.827587143"
60,671056,"Herrera, Iván",821,7.3,0.333,0.133,0.385,0.467,0.384,0.313,0.276,5,15,89.8,0.9,2495,90.8,90.95,5,29,31,0.10000000000000853,6.37,111,149,124,148,303,321,292,"-0.4","0.4","71.380373214","6.835836071"
59,642180,"Wade, Tyler",548,10.8,0,0,0,0,0.049,0.136,0.073,0,13,79,24.4,2205,89.5,90.02,3,23,36,0.5,6.58,111,147,107,151,290,318,296,"2.5","-2.5","58.085832857","5.73329381"
59,805779,"Wilson, Jacob",61,96.7,0.167,0,0.182,0.167,0.209,0.21,0.154,2,12,86.2,18.5,2161,87.9,88.16,5,24,35,0.29999999999999716,6.49,108,148,117,147,297,317,291,"1.4","-1.4","61.720434545","6.173937727"
59,656896,"Rivera, Emmanuel",918,6.4,0.333,0.25,0.333,0.583,0.45,0.434,0.337,4,12,86.5,12.7,2282,88.8,89.33,8,30,29,0.5,6.53,109,151,125,148,309,330,292,"-1.4","1.4","70.116780333","6.671027667"
57,665828,"Cabrera, Oswaldo",1154,4.9,0.2,0,0.214,0.2,0.208,0.34,0.291,3,15,90.4,11.5,2193,89.4,89.76,3,24,33,0.3999999999999915,6.5,122,146,100,149,294,327,292,"3.1","-3.1","69.704582","7.206695"
57,595879,"Báez, Javier",1028,5.5,0.091,0,0.2,0.091,0.08,0.14,0.142,1,11,90.6,28.4,2415,88.1,88.44,12,27,30,0.30000000000001137,6.49,110,150,118,146,303,328,288,"3","-3","72.3758392","8.6399108"
56,543257,"Grossman, Robbie",881,6.4,0.167,0.083,0.286,0.25,0.217,0.263,0.219,2,12,81.1,-2,2222,86.3,86.32,5,18,38,0,6.35,101,150,126,146,295,328,296,"1.9","-1.9","65.511812353","6.413125882"
54,672642,"Berroa, Steward",167,32.3,0.182,0,0.333,0.182,0.242,0.242,0.154,2,11,81.9,19.2,2284,88.5,88.64,4,17,37,0.09999999999999432,6.32,111,148,104,149,288,319,294,"1.6","-1.6","59.171674667","6.020886"
52,621035,"Taylor, Chris",850,6.1,0.222,0,0.25,0.222,0.286,0.374,0.302,2,9,86,35.1,2224,89.4,89.53,2,24,28,0.09999999999999432,6.39,107,152,118,145,305,323,301,"0","0","68.708655833","6.80768625"
50,457705,"McCutchen, Andrew",1881,2.7,0.364,0.364,0.3,0.727,0.442,0.417,0.286,4,11,91.1,36.2,2209,88.1,89.16,4,18,32,1.1000000000000085,6.88,105,148,125,144,296,320,302,"-1.9","1.9","73.155438333","7.818910556"
49,663586,"Riley, Austin",1822,2.7,0.1,0,0.167,0.1,0.146,0.267,0.194,1,10,100.1,37,2371,90.2,89.99,8,27,22,-0.20000000000000284,6.19,103,153,124,149,315,328,301,"0.5","-0.5","74.320914","7.6240196"
49,691023,"Walker, Jordan",323,15.2,0.071,0,0.143,0.071,0.063,0.139,0.138,1,14,96.8,35.6,2308,86.9,86.71,13,24,25,-0.20000000000000284,6.12,106,152,125,148,306,329,286,"3.3","-3.3","75.187565417","8.57333"
48,642020,"Robinson, Chuckie",135,35.6,0.182,0,0.25,0.182,0.204,0.254,0.225,2,11,70.1,-2.3,2281,92.5,92.77,7,27,21,0.29999999999999716,6.52,110,151,118,147,300,319,287,"1.2","-1.2","69.17194","6.648105926"
47,595978,"Hedges, Austin",481,9.8,0.214,0,0.273,0.214,0.189,0.178,0.185,3,14,81.1,17.5,2318,87.4,87.53,8,32,15,0.09999999999999432,6.33,106,147,115,145,292,315,279,"1.1","-1.1","62.131798387","6.71636129"
47,681508,"Gasper, Mickey",59,79.7,0,0,0,0,0.108,0.345,0.282,0,11,90,9,2079,89.2,89.58,3,16,31,0.3999999999999915,6.51,120,147,125,153,269,314,308,"2.3","-2.3","68.651556875","6.071129375"
47,620443,"Torrens, Luis",420,11.2,0,0,0,0,0.125,0.294,0.154,0,9,95.3,19,2175,85.8,85.88,5,22,25,0.10000000000000853,6.3,107,149,123,147,305,323,290,"2.8","-2.8","72.20156","7.306822857"
46,669369,"Johnson, Bryce",263,17.5,0.231,0,0.273,0.231,0.238,0.347,0.338,3,13,81.8,-1.3,2154,88.6,88.97,2,25,21,0.4000000000000057,6.57,106,147,112,147,300,326,295,"0.3","-0.3","65.646679167","7.075107917"
46,596117,"Stubbs, Garrett",654,7,0.455,0.273,0.5,0.727,0.517,0.368,0.36,5,11,78.2,20.8,2225,86.3,86.45,4,28,18,0.10000000000000853,6.37,111,144,103,152,284,321,296,"-2.1","2.1","62.140304286","6.846257857"
46,680779,"Davis, Henry",492,9.3,0.1,0,0.143,0.1,0.088,0.123,0.114,1,10,82.4,-9.7,2235,89.6,90.02,9,25,21,0.4000000000000057,6.48,112,153,125,148,303,326,298,"2.8","-2.8","72.6813852","7.73824"
46,686765,"Sogard, Nick",244,18.9,0.1,0,0.25,0.1,0.143,0.259,0.235,1,10,88.6,8,2316,89.1,89.93,6,19,27,0.8000000000000114,6.7,119,146,107,152,281,321,303,"1.3","-1.3","61.134730556","6.749565556"
45,661531,"Serven, Brian",198,22.7,0.308,0.231,0.444,0.538,0.38,0.33,0.239,4,13,92.3,21.9,2401,88.6,88.37,6,26,19,-0.19999999999998863,6.18,101,151,124,149,294,323,293,"-0.5","0.5","68.3115032","7.3859704"
44,606992,"Haase, Eric",185,23.8,0.125,0,0.333,0.125,0.175,0.241,0.144,1,8,93.8,14.3,2221,85.9,86.08,7,19,25,0.19999999999998863,6.4,105,149,128,147,296,318,288,"0.3","-0.3","70.051233684","7.243781579"
44,668952,"Kreidler, Ryan",241,18.3,0.091,0,0.125,0.091,0.131,0.149,0.105,1,11,85.1,21,2199,88.4,88.35,8,19,25,-0.10000000000000853,6.15,114,154,110,149,298,329,290,"1.3","-1.3","67.131613889","7.092180556"
43,665506,"Pache, Cristian",621,6.9,0.214,0.286,0.182,0.5,0.298,0.304,0.292,3,14,86.1,15.8,2113,87.5,87.78,4,26,17,0.29999999999999716,6.55,107,148,112,147,308,317,292,"0.7","-0.7","69.762937917","7.331707083"
41,608671,"Jankowski, Travis",688,6,0.25,0,0.4,0.25,0.314,0.304,0.226,2,8,73.8,-1.8,2261,88.9,88.81,4,17,24,-0.10000000000000853,6.29,114,144,106,149,289,320,301,"-0.3","0.3","64.012578824","6.351438824"
40,672012,"Black, Tyler",239,16.7,0.25,0,0.333,0.25,0.314,0.353,0.293,2,8,78.3,24.3,2243,89,89.83,2,16,24,0.7999999999999972,6.84,109,141,103,149,292,316,305,"0.6","-0.6","65.76617","6.602184375"
40,668832,"McCann, Kyle",542,7.4,0.111,0,0.25,0.111,0.098,0.174,0.124,1,9,85.1,9.5,2272,91.6,91.55,7,20,20,0,6.27,120,144,125,152,293,323,300,"1.5","-1.5","72.015989","7.421894"
40,542194,"Bethancourt, Christian",430,9.3,0.429,0.5,0.444,0.929,0.57,0.483,0.367,6,14,91.3,0.7,2206,91.6,92.02,6,26,14,0.4000000000000057,6.56,101,144,113,138,308,323,284,"-6.9","6.9","69.062003846","7.422698462"
40,672724,"Peraza, Oswald",40,100,0.2,0.3,0.167,0.5,0.328,0.362,0.244,2,10,87,5.9,2122,89.1,89.29,6,20,20,0.20000000000000284,6.56,104,148,117,140,296,326,288,"0.7","-0.7","71.714794667","7.563153333"
40,545121,"Vargas, Ildemaro",940,4.3,0.357,0,0.385,0.357,0.315,0.359,0.381,5,14,87.8,4.7,2073,86.2,86.56,3,22,18,0.3999999999999915,6.49,112,151,114,149,296,321,288,"-0.6","0.6","66.126204286","7.095714286"
39,663757,"Grisham, Trent",789,4.9,0,0,0,0,0,0.108,0.11,0,9,76.6,31.8,2212,88.7,89.32,8,15,24,0.5999999999999943,6.58,111,141,102,147,292,322,288,"2.4","-2.4","68.446528","7.471802"
38,663897,"Williams, Luke",86,44.2,0.333,0.167,0.4,0.5,0.355,0.243,0.24,4,12,83.1,9.7,2323,91.3,91.69,6,21,17,0.4000000000000057,6.5,105,152,110,145,302,323,291,"-0.7","0.7","66.904204444","7.414301667"
37,621550,"Wisdom, Patrick",561,6.6,0.143,0.429,0,0.571,0.383,0.457,0.197,1,7,105.8,40.5,1970,83.6,83.45,5,13,24,-0.09999999999999432,6.14,111,150,121,144,297,321,292,"-1","1","72.11039","7.996709167"
36,669234,"Malloy, Justyn-Henry",878,4.1,0.25,0.125,0.667,0.375,0.267,0.229,0.164,2,8,93.7,30.7,2423,89.2,89.1,9,19,17,-0.10000000000000853,6.14,103,152,122,150,295,334,281,"0.6","-0.6","63.14849","6.510794444"
34,542963,"Brantly, Rob",34,100,0.111,0,0.143,0.111,0.098,0.29,0.231,1,9,90.4,28.3,2124,88.5,88.71,5,22,12,0.20000000000000284,6.44,123,145,120,150,292,315,301,"1.6","-1.6","67.375765909","6.839783636"
34,673490,"Kim, Ha-Seong",1982,1.7,0.444,0.444,0.429,0.889,0.574,0.437,0.353,4,9,82.6,4.5,2241,89.6,90.19,1,13,21,0.6000000000000085,6.39,106,152,123,147,309,336,309,"-2.1","2.1","65.100935455","6.594954545"
34,669357,"Gorman, Nolan",1596,2.1,0.125,0,0.2,0.125,0.11,0.154,0.161,1,8,89.5,23.4,2329,92.6,93.14,9,21,13,0.5,6.6,120,146,130,151,300,327,303,"1.9","-1.9","68.121738333","7.077507778"
32,647351,"Toro, Abraham",1394,2.3,0.167,0,0.25,0.167,0.283,0.3,0.153,1,6,74,-13.5,2160,92,92.23,2,11,21,0.20000000000000284,6.45,115,146,108,153,295,316,306,"-0.3","0.3","71.155283","7.747925"
32,677649,"Duran, Ezequiel",777,4.1,0.222,0,0.286,0.222,0.245,0.156,0.099,2,9,90.6,27.4,2220,87.8,87.97,8,19,13,0.20000000000000284,6.43,106,151,119,146,300,324,291,"1.1","-1.1","73.277610556","7.280679444"
31,670224,"Misner, Kameron",65,47.7,0.125,0,0.333,0.125,0.11,0.157,0.17,1,8,78.2,27.3,2132,90.4,90.76,8,18,13,0.3999999999999915,6.58,122,146,112,153,292,324,304,"1.1","-1.1","69.785376111","7.528541111"
31,656413,"Fairchild, Stuart",853,3.6,0.125,0,0.5,0.125,0.11,0.052,0.053,1,8,79.9,-6.7,2152,89.4,90.17,8,14,17,0.7999999999999972,6.75,98,149,109,146,306,320,284,"1.4","-1.4","63.809462857","6.788645"
31,664770,"Lukes, Nathan",31,100,0.556,0.333,0.625,0.889,0.609,0.51,0.466,5,9,91.3,10.1,2035,85.4,86.33,3,20,11,0.8999999999999915,6.61,114,146,114,151,292,327,297,"-2.3","2.3","67.204138947","6.543704737"
30,669477,"Schmitt, Casey",283,10.6,0.222,0.111,0.5,0.333,0.237,0.101,0.106,2,9,78.8,-0.8,2166,90.8,91.19,11,21,9,0.4000000000000057,6.59,105,151,123,148,303,328,292,"0.8","-0.8","67.449204286","7.444424286"
29,683083,"Nuñez, Nasim",141,20.6,0.4,0,0.5,0.4,0.409,0.332,0.261,2,5,83.1,-14,2216,90.5,90.54,2,13,16,0,6.41,100,143,99,146,299,318,284,"-1.2","1.2","68.765148","6.865395"
29,686452,"Millas, Drew",164,17.7,0.5,0,0.667,0.5,0.441,0.384,0.373,4,8,97.7,3.3,2165,88.9,89.76,2,14,15,0.8999999999999915,6.71,117,147,117,151,297,322,303,"-0.3","0.3","64.766033571","6.852833571"
28,666018,"Aranda, Jonathan",261,10.7,0.167,0.167,0.25,0.333,0.209,0.378,0.228,1,6,96.4,22.8,2386,89.6,90.09,5,17,11,0.5,6.85,110,145,122,152,291,321,304,"0.7","-0.7","67.5634275","7.06956625"
28,677942,"Alexander, Blaze",714,3.9,0,0,0,0,0.138,0.141,0.002,0,4,97.7,49,2395,91.3,91.44,5,12,16,0.10000000000000853,6.65,102,152,112,148,308,334,293,"0.9","-0.9","68.683979167","7.240076667"
27,665877,"Fermín, José",233,11.6,0.5,0.25,0.5,0.75,0.6,0.579,0.531,2,4,76.9,-7.5,2378,93,93.54,2,8,19,0.5,6.61,94,141,107,136,291,307,289,"-1.4","1.4","53.152801667","6.796816667"
27,676070,"Amaya, Jacob",32,84.4,0.167,0,0.2,0.167,0.224,0.285,0.236,1,6,86,0.4,2256,90.8,91.2,4,10,17,0.4000000000000057,6.62,106,149,123,148,300,323,289,"0.5","-0.5","65.964443","6.923103"
26,663647,"Hayes, Ke'Bryan",1470,1.8,0,0,0,0,0,0.205,0.214,0,8,97.5,-9.8,2244,91.5,92.03,3,12,14,0.5,6.58,109,151,120,148,296,302,286,"2.3","-2.3","70.878338333","6.778801667"
25,595284,"Knapp, Andrew",25,100,0.167,0,0.25,0.167,0.147,0.135,0.147,1,6,83.8,-1,2321,90.7,90.08,10,15,10,-0.6000000000000085,5.93,114,148,117,148,286,316,294,"0.4","-0.4","65.216986","6.469211333"
24,605131,"Barnes, Austin",519,4.6,0.286,0.143,0.333,0.429,0.353,0.157,0.086,2,7,86.4,2.8,2395,87.5,87.95,1,10,14,0.5,6.51,100,149,117,144,305,320,299,"-0.5","0.5","61.34865","6.030167778"
24,677956,"Hinds, Rece",156,15.4,0,0,0,0,0.345,0.346,0.002,0,2,90.7,46,2203,91,90.85,2,8,16,-0.09999999999999432,6.2,117,153,129,147,300,321,293,"-0.1","0.1","71.43342875","7.5912225"
24,518792,"Heyward, Jason",805,3,0.25,0.5,0.2,0.75,0.412,0.297,0.235,2,8,86,7.8,2399,91,91.38,2,11,13,0.4000000000000057,6.63,117,142,115,146,289,321,296,"-2.2","2.2","74.30948","8.115517273"
24,670276,"Stevenson, Cal",45,53.3,0.2,0,0.2,0.2,0.262,0.195,0.1,1,5,72.5,1.8,2159,90,90.46,1,10,14,0.5,6.52,110,143,101,150,284,315,290,"0.9","-0.9","56.011651","5.766238"
23,689172,"Wisely, Brett",780,2.9,0.2,0.2,0.25,0.4,0.25,0.175,0.179,1,5,86.9,30.8,2330,92,92.55,1,14,9,0.5999999999999943,6.5,118,147,112,153,293,320,301,"-0.1","0.1","64.74227","6.38329"
22,663550,"Cabbage, Trey",336,6.5,0,0,,0,0.172,0.172,,0,3,,,2246,88.9,88.29,7,10,12,-0.6000000000000085,6.12,104,137,101,138,285,323,295,"0.7","-0.7","77.605284","8.181921"
22,606466,"Marte, Ketel",1796,1.2,0.333,0,0.333,0.333,0.393,0.413,0.33,1,3,96.9,17.7,2047,88.5,88.6,1,9,13,0.09999999999999432,6.4,98,151,120,149,305,333,304,"-0.3","0.3","73.691833333","7.809023333"
21,656180,"Adams, Riley",531,4,0,0,0,0,0,0.287,0.282,0,6,95.3,20.8,2090,89.2,90.36,1,11,10,1.2000000000000028,6.95,107,152,125,146,300,330,292,"1.6","-1.6","76.418835455","7.808570909"
20,679845,"Loftin, Nick",626,3.2,0,0,0,0,0,0.09,0.096,0,7,73.7,6.6,2478,89.5,88.86,1,8,12,-0.5999999999999943,6.24,104,153,118,148,290,322,279,"1.8","-1.8","65.471775","7.5954875"
20,694355,"Gentry, Tyler",20,100,0,0,0,0,0,0.082,0.084,0,5,95,41.7,2284,88.5,87.86,3,10,10,-0.5999999999999943,6.11,105,150,113,147,292,322,287,"1.2","-1.2","72.032438","7.416655"
19,691176,"Domínguez, Jasson",19,100,0,0,0,0,0,0.015,0.016,0,4,82.9,-21,2175,93.8,93.78,3,8,11,0,6.45,,,,,,,,"1.1","-1.1",,
17,594807,"Duvall, Adam",1228,1.4,0.6,0.6,0.5,1.2,0.761,0.435,0.251,3,5,82.8,20,2060,88.9,89.93,1,12,5,1,6.88,98,151,120,144,310,333,295,"-1.9","1.9","74.797697273","7.875597273"
14,669222,"Senzel, Nick",1005,1.4,0,0,0,0,0,0.02,0.022,0,3,72,57.5,2084,87.5,88.2,4,10,4,0.7000000000000028,6.76,107,147,126,147,298,316,282,"0.4","-0.4","63.763364","7.10002"
13,605113,"Ahmed, Nick",825,1.6,0,0,0,0,0,0.278,0.248,0,4,97.9,16,2418,88.7,89.14,2,7,6,0.3999999999999915,6.5,115,153,115,149,305,320,298,"1","-1","68.361532857","7.307502857"
13,676439,"Feduccia, Hunter",15,86.7,0.5,0,1,0.5,0.524,0.512,0.457,1,2,82.6,19,2262,87.9,88.98,1,3,10,1.0999999999999943,6.88,118,147,109,154,292,327,301,"-0.3","0.3","69.31528","7.457693333"
12,669397,"Allen, Nick",272,4.4,0.25,0,0.25,0.25,0.22,0.182,0.192,1,4,84.1,4.5,1982,85.2,84.9,0,5,7,-0.29999999999999716,6.02,117,149,111,151,298,316,276,"0.4","-0.4","66.216648","6.527172"
12,663905,"Blankenhorn, Travis",122,9.8,0.333,0,0.5,0.333,0.294,0.329,0.354,1,3,89.6,-5.5,1756,86.7,86.01,1,5,7,-0.7000000000000028,5.87,121,149,124,152,290,326,296,"-0.2","0.2","72.576304","6.930416"
12,676632,"Madris, Bligh",275,4.4,0,0,0,0,0,0.211,0.176,0,4,90.3,8.7,1981,88.5,88.57,1,6,6,0.09999999999999432,6.3,121,147,111,155,286,337,293,"1.2","-1.2","70.923583333","7.614216667"
11,649966,"Urías, Luis",395,2.8,0,0,0,0,0,0.028,0.031,0,3,89.3,-19,2127,88.9,89.31,2,5,6,0.3999999999999915,6.54,99,149,102,148,311,324,296,"0.8","-0.8","69.706082","8.241828"
9,681624,"Pages, Andy",1530,0.6,0,0,0,0,0,0.208,0.228,0,3,74.6,-0.7,2303,90.3,91.4,0,4,5,1.1000000000000085,6.71,105,150,120,145,311,322,303,"0.9","-0.9","69.575575","7.20038"
9,676679,"Vazquez, Luis",13,69.2,0,0,0,0,0.24,0.394,0.051,0,1,90.6,0.5,1806,75.5,74.62,0,6,3,-0.9000000000000057,5.62,104,148,117,141,305,315,289,"0.7","-0.7","70.8132","6.78638"
7,623520,"Bote, David",162,4.3,0,0,0,0,0,0,0.001,0,2,64.4,66,1759,83.6,83.77,3,5,2,0.20000000000000284,6.34,119,154,123,144,299,321,289,"0.3","-0.3","77.3439175","8.85283"
6,694175,"León, Pedro",90,6.7,0,0,0,0,0,0.209,0.228,0,3,66.7,-20.5,2363,84.1,84.37,1,4,2,0.30000000000001137,6.73,93,151,106,142,290,328,289,"0.6","-0.6","72.036003333","7.615163333"
3,669137,"Alvarez, Armando",114,2.6,0,0,0,0,0,0.275,0.291,0,2,77.3,-1,1951,80.7,81.6,0,3,0,0.8999999999999915,7.07,118,154,113,152,298,320,297,"0.3","-0.3","71.722656667","7.858483333"